captured_at,feed_timestamp,route_id,route_label,trip_id,stop_id,stop_sequence,delay_seconds
2026-07-15T03:00:48.636875+00:00,1784084447,6705,321 Surrey Central/WhiteRock,15247006,12651,31,69
2026-07-15T03:00:48.636875+00:00,1784084447,6705,321 Surrey Central/WhiteRock,15247006,5458,32,74
2026-07-15T03:00:48.636875+00:00,1784084447,6705,321 Surrey Central/WhiteRock,15247006,5459,33,81
2026-07-15T03:00:48.636875+00:00,1784084447,6705,321 Surrey Central/WhiteRock,15247006,5460,34,76
2026-07-15T03:00:48.636875+00:00,1784084447,6705,321 Surrey Central/WhiteRock,15247006,5461,35,70
2026-07-15T03:00:48.636875+00:00,1784084447,6705,321 Surrey Central/WhiteRock,15247006,5462,36,65
2026-07-15T03:00:48.636875+00:00,1784084447,6705,321 Surrey Central/WhiteRock,15247006,5463,37,98
2026-07-15T03:00:48.636875+00:00,1784084447,6705,321 Surrey Central/WhiteRock,15247006,5700,38,210
2026-07-15T03:00:48.636875+00:00,1784084447,6705,321 Surrey Central/WhiteRock,15247006,5465,39,203
2026-07-15T03:00:48.636875+00:00,1784084447,6705,321 Surrey Central/WhiteRock,15247006,5466,40,166
2026-07-15T03:00:48.636875+00:00,1784084447,6705,321 Surrey Central/WhiteRock,15247006,5467,41,203
2026-07-15T03:00:48.636875+00:00,1784084447,6705,321 Surrey Central/WhiteRock,15247006,5468,42,178
2026-07-15T03:00:48.636875+00:00,1784084447,6705,321 Surrey Central/WhiteRock,15247006,5469,43,146
2026-07-15T03:00:48.636875+00:00,1784084447,6705,321 Surrey Central/WhiteRock,15247006,5470,44,127
2026-07-15T03:00:48.636875+00:00,1784084447,6705,321 Surrey Central/WhiteRock,15247006,5471,45,96
2026-07-15T03:00:48.636875+00:00,1784084447,6705,321 Surrey Central/WhiteRock,15247006,5472,46,77
2026-07-15T03:00:48.636875+00:00,1784084447,6705,321 Surrey Central/WhiteRock,15247006,5473,47,33
2026-07-15T03:00:48.636875+00:00,1784084447,6705,321 Surrey Central/WhiteRock,15247006,5474,48,30
2026-07-15T03:00:48.636875+00:00,1784084447,6705,321 Surrey Central/WhiteRock,15247006,5475,49,-7
2026-07-15T03:00:48.636875+00:00,1784084447,6705,321 Surrey Central/WhiteRock,15247006,5476,50,-20
2026-07-15T03:00:48.636875+00:00,1784084447,6705,321 Surrey Central/WhiteRock,15247006,5477,51,-39
2026-07-15T03:00:48.636875+00:00,1784084447,6705,321 Surrey Central/WhiteRock,15247006,11725,52,-60
2026-07-15T03:00:48.636875+00:00,1784084447,6705,321 Surrey Central/WhiteRock,15247006,5040,53,-36
2026-07-15T03:00:48.636875+00:00,1784084447,6705,321 Surrey Central/WhiteRock,15247006,5041,54,-20
2026-07-15T03:00:48.636875+00:00,1784084447,6705,321 Surrey Central/WhiteRock,15247006,12155,55,-13
2026-07-15T03:00:48.636875+00:00,1784084447,6705,321 Surrey Central/WhiteRock,15247006,9089,56,-7
2026-07-15T03:00:48.636875+00:00,1784084447,6705,321 Surrey Central/WhiteRock,15247006,7213,57,-25
2026-07-15T03:00:48.636875+00:00,1784084447,6705,321 Surrey Central/WhiteRock,15247007,6174,9,94
2026-07-15T03:00:48.636875+00:00,1784084447,6705,321 Surrey Central/WhiteRock,15247007,5437,10,120
2026-07-15T03:00:48.636875+00:00,1784084447,6705,321 Surrey Central/WhiteRock,15247007,5438,11,114
2026-07-15T03:00:48.636875+00:00,1784084447,6705,321 Surrey Central/WhiteRock,15247007,5439,12,126
2026-07-15T03:00:48.636875+00:00,1784084447,6705,321 Surrey Central/WhiteRock,15247007,5440,13,110
2026-07-15T03:00:48.636875+00:00,1784084447,6705,321 Surrey Central/WhiteRock,15247007,5441,14,113
2026-07-15T03:00:48.636875+00:00,1784084447,6705,321 Surrey Central/WhiteRock,15247007,5442,15,96
2026-07-15T03:00:48.636875+00:00,1784084447,6705,321 Surrey Central/WhiteRock,15247007,5444,16,100
2026-07-15T03:00:48.636875+00:00,1784084447,6705,321 Surrey Central/WhiteRock,15247007,9083,17,81
2026-07-15T03:00:48.636875+00:00,1784084447,6705,321 Surrey Central/WhiteRock,15247007,5446,18,92
2026-07-15T03:00:48.636875+00:00,1784084447,6705,321 Surrey Central/WhiteRock,15247007,10445,19,87
2026-07-15T03:00:48.636875+00:00,1784084447,6705,321 Surrey Central/WhiteRock,15247007,5447,20,57
2026-07-15T03:00:48.636875+00:00,1784084447,6705,321 Surrey Central/WhiteRock,15247007,5448,21,56
2026-07-15T03:00:48.636875+00:00,1784084447,6705,321 Surrey Central/WhiteRock,15247007,10437,22,56
2026-07-15T03:00:48.636875+00:00,1784084447,6705,321 Surrey Central/WhiteRock,15247007,5449,23,16
2026-07-15T03:00:48.636875+00:00,1784084447,6705,321 Surrey Central/WhiteRock,15247007,11313,24,-19
2026-07-15T03:00:48.636875+00:00,1784084447,6705,321 Surrey Central/WhiteRock,15247007,10808,25,-138
2026-07-15T03:00:48.636875+00:00,1784084447,6705,321 Surrey Central/WhiteRock,15247007,5452,26,-242
2026-07-15T03:00:48.636875+00:00,1784084447,6705,321 Surrey Central/WhiteRock,15247007,11913,27,-251
2026-07-15T03:00:48.636875+00:00,1784084447,6705,321 Surrey Central/WhiteRock,15247007,5454,28,-255
2026-07-15T03:00:48.636875+00:00,1784084447,6705,321 Surrey Central/WhiteRock,15247007,5455,29,-255
2026-07-15T03:00:48.636875+00:00,1784084447,6705,321 Surrey Central/WhiteRock,15247007,5456,30,-202
2026-07-15T03:00:48.636875+00:00,1784084447,6705,321 Surrey Central/WhiteRock,15247007,12651,31,-222
2026-07-15T03:00:48.636875+00:00,1784084447,6705,321 Surrey Central/WhiteRock,15247007,5458,32,-215
2026-07-15T03:00:48.636875+00:00,1784084447,6705,321 Surrey Central/WhiteRock,15247007,5459,33,-207
2026-07-15T03:00:48.636875+00:00,1784084447,6705,321 Surrey Central/WhiteRock,15247007,5460,34,-211
2026-07-15T03:00:48.636875+00:00,1784084447,6705,321 Surrey Central/WhiteRock,15247007,5461,35,-217
2026-07-15T03:00:48.636875+00:00,1784084447,6705,321 Surrey Central/WhiteRock,15247007,5462,36,-223
2026-07-15T03:00:48.636875+00:00,1784084447,6705,321 Surrey Central/WhiteRock,15247007,5463,37,-189
2026-07-15T03:00:48.636875+00:00,1784084447,6705,321 Surrey Central/WhiteRock,15247007,5700,38,0
2026-07-15T03:00:48.636875+00:00,1784084447,6705,321 Surrey Central/WhiteRock,15247007,5465,39,-7
2026-07-15T03:00:48.636875+00:00,1784084447,6705,321 Surrey Central/WhiteRock,15247007,5466,40,-44
2026-07-15T03:00:48.636875+00:00,1784084447,6705,321 Surrey Central/WhiteRock,15247007,5467,41,-8
2026-07-15T03:00:48.636875+00:00,1784084447,6705,321 Surrey Central/WhiteRock,15247007,5468,42,-34
2026-07-15T03:00:48.636875+00:00,1784084447,6705,321 Surrey Central/WhiteRock,15247007,5469,43,-63
2026-07-15T03:00:48.636875+00:00,1784084447,6705,321 Surrey Central/WhiteRock,15247007,5470,44,-81
2026-07-15T03:00:48.636875+00:00,1784084447,6705,321 Surrey Central/WhiteRock,15247007,5471,45,-112
2026-07-15T03:00:48.636875+00:00,1784084447,6705,321 Surrey Central/WhiteRock,15247007,5472,46,-131
2026-07-15T03:00:48.636875+00:00,1784084447,6705,321 Surrey Central/WhiteRock,15247007,5473,47,-175
2026-07-15T03:00:48.636875+00:00,1784084447,6705,321 Surrey Central/WhiteRock,15247007,5474,48,-179
2026-07-15T03:00:48.636875+00:00,1784084447,6705,321 Surrey Central/WhiteRock,15247007,5475,49,-216
2026-07-15T03:00:48.636875+00:00,1784084447,6705,321 Surrey Central/WhiteRock,15247007,5476,50,-229
2026-07-15T03:00:48.636875+00:00,1784084447,6705,321 Surrey Central/WhiteRock,15247007,5477,51,-248
2026-07-15T03:00:48.636875+00:00,1784084447,6705,321 Surrey Central/WhiteRock,15247007,11725,52,-269
2026-07-15T03:00:48.636875+00:00,1784084447,6705,321 Surrey Central/WhiteRock,15247007,5040,53,-248
2026-07-15T03:00:48.636875+00:00,1784084447,6705,321 Surrey Central/WhiteRock,15247007,5041,54,-232
2026-07-15T03:00:48.636875+00:00,1784084447,6705,321 Surrey Central/WhiteRock,15247007,12155,55,-224
2026-07-15T03:00:48.636875+00:00,1784084447,6705,321 Surrey Central/WhiteRock,15247007,9089,56,-218
2026-07-15T03:00:48.636875+00:00,1784084447,6705,321 Surrey Central/WhiteRock,15247007,7213,57,-237
2026-07-15T03:00:48.636875+00:00,1784084447,6705,321 Surrey Central/WhiteRock,15247011,5448,21,249
2026-07-15T03:00:48.636875+00:00,1784084447,6705,321 Surrey Central/WhiteRock,15247011,10437,22,238
2026-07-15T03:00:48.636875+00:00,1784084447,6705,321 Surrey Central/WhiteRock,15247011,5449,23,198
2026-07-15T03:00:48.636875+00:00,1784084447,6705,321 Surrey Central/WhiteRock,15247011,11313,24,163
2026-07-15T03:00:48.636875+00:00,1784084447,6705,321 Surrey Central/WhiteRock,15247011,10808,25,44
2026-07-15T03:00:48.636875+00:00,1784084447,6705,321 Surrey Central/WhiteRock,15247011,5452,26,-60
2026-07-15T03:00:48.636875+00:00,1784084447,6705,321 Surrey Central/WhiteRock,15247011,11913,27,-70
2026-07-15T03:00:48.636875+00:00,1784084447,6705,321 Surrey Central/WhiteRock,15247011,5454,28,-78
2026-07-15T03:00:48.636875+00:00,1784084447,6705,321 Surrey Central/WhiteRock,15247011,5455,29,-78
2026-07-15T03:00:48.636875+00:00,1784084447,6705,321 Surrey Central/WhiteRock,15247011,5456,30,-26
2026-07-15T03:00:48.636875+00:00,1784084447,6705,321 Surrey Central/WhiteRock,15247011,12651,31,-46
2026-07-15T03:00:48.636875+00:00,1784084447,6705,321 Surrey Central/WhiteRock,15247011,5458,32,-40
2026-07-15T03:00:48.636875+00:00,1784084447,6705,321 Surrey Central/WhiteRock,15247011,5459,33,-34
2026-07-15T03:00:48.636875+00:00,1784084447,6705,321 Surrey Central/WhiteRock,15247011,5460,34,-38
2026-07-15T03:00:48.636875+00:00,1784084447,6705,321 Surrey Central/WhiteRock,15247011,5461,35,-44
2026-07-15T03:00:48.636875+00:00,1784084447,6705,321 Surrey Central/WhiteRock,15247011,5462,36,-49
2026-07-15T03:00:48.636875+00:00,1784084447,6705,321 Surrey Central/WhiteRock,15247011,5463,37,-14
2026-07-15T03:00:48.636875+00:00,1784084447,6705,321 Surrey Central/WhiteRock,15247011,5700,38,98
2026-07-15T03:00:48.636875+00:00,1784084447,6705,321 Surrey Central/WhiteRock,15247011,5465,39,91
2026-07-15T03:00:48.636875+00:00,1784084447,6705,321 Surrey Central/WhiteRock,15247011,5466,40,54
2026-07-15T03:00:48.636875+00:00,1784084447,6705,321 Surrey Central/WhiteRock,15247011,5467,41,91
2026-07-15T03:00:48.636875+00:00,1784084447,6705,321 Surrey Central/WhiteRock,15247011,5468,42,66
2026-07-15T03:00:48.636875+00:00,1784084447,6705,321 Surrey Central/WhiteRock,15247011,5469,43,38
2026-07-15T03:00:48.636875+00:00,1784084447,6705,321 Surrey Central/WhiteRock,15247011,5470,44,20
2026-07-15T03:00:48.636875+00:00,1784084447,6705,321 Surrey Central/WhiteRock,15247011,5471,45,-11
2026-07-15T03:00:48.636875+00:00,1784084447,6705,321 Surrey Central/WhiteRock,15247011,5472,46,-31
2026-07-15T03:00:48.636875+00:00,1784084447,6705,321 Surrey Central/WhiteRock,15247011,5473,47,-75
2026-07-15T03:00:48.636875+00:00,1784084447,6705,321 Surrey Central/WhiteRock,15247011,5474,48,-79
2026-07-15T03:00:48.636875+00:00,1784084447,6705,321 Surrey Central/WhiteRock,15247011,5475,49,-117
2026-07-15T03:00:48.636875+00:00,1784084447,6705,321 Surrey Central/WhiteRock,15247011,5476,50,-131
2026-07-15T03:00:48.636875+00:00,1784084447,6705,321 Surrey Central/WhiteRock,15247011,5477,51,-150
2026-07-15T03:00:48.636875+00:00,1784084447,6705,321 Surrey Central/WhiteRock,15247011,11725,52,-171
2026-07-15T03:00:48.636875+00:00,1784084447,6705,321 Surrey Central/WhiteRock,15247011,5040,53,-147
2026-07-15T03:00:48.636875+00:00,1784084447,6705,321 Surrey Central/WhiteRock,15247011,5041,54,-131
2026-07-15T03:00:48.636875+00:00,1784084447,6705,321 Surrey Central/WhiteRock,15247011,12155,55,-123
2026-07-15T03:00:48.636875+00:00,1784084447,6705,321 Surrey Central/WhiteRock,15247011,9089,56,-117
2026-07-15T03:00:48.636875+00:00,1784084447,6705,321 Surrey Central/WhiteRock,15247011,7213,57,-136
2026-07-15T03:00:48.636875+00:00,1784084447,6705,321 Surrey Central/WhiteRock,15247024,5476,50,-106
2026-07-15T03:00:48.636875+00:00,1784084447,6705,321 Surrey Central/WhiteRock,15247024,5477,51,-125
2026-07-15T03:00:48.636875+00:00,1784084447,6705,321 Surrey Central/WhiteRock,15247024,11725,52,-145
2026-07-15T03:00:48.636875+00:00,1784084447,6705,321 Surrey Central/WhiteRock,15247024,5040,53,-116
2026-07-15T03:00:48.636875+00:00,1784084447,6705,321 Surrey Central/WhiteRock,15247024,5041,54,-100
2026-07-15T03:00:48.636875+00:00,1784084447,6705,321 Surrey Central/WhiteRock,15247024,12155,55,-92
2026-07-15T03:00:48.636875+00:00,1784084447,6705,321 Surrey Central/WhiteRock,15247024,9089,56,-86
2026-07-15T03:00:48.636875+00:00,1784084447,6705,321 Surrey Central/WhiteRock,15247024,7213,57,-104
2026-07-15T03:00:48.636875+00:00,1784084447,6705,321 Surrey Central/WhiteRock,15247128,5542,56,-79
2026-07-15T03:00:48.636875+00:00,1784084447,6705,321 Surrey Central/WhiteRock,15247128,6195,57,-53
2026-07-15T03:00:48.636875+00:00,1784084447,6705,321 Surrey Central/WhiteRock,15247129,5500,13,-31
2026-07-15T03:00:48.636875+00:00,1784084447,6705,321 Surrey Central/WhiteRock,15247129,5501,14,-52
2026-07-15T03:00:48.636875+00:00,1784084447,6705,321 Surrey Central/WhiteRock,15247129,5502,15,-59
2026-07-15T03:00:48.636875+00:00,1784084447,6705,321 Surrey Central/WhiteRock,15247129,5503,16,-43
2026-07-15T03:00:48.636875+00:00,1784084447,6705,321 Surrey Central/WhiteRock,15247129,5504,17,-85
2026-07-15T03:00:48.636875+00:00,1784084447,6705,321 Surrey Central/WhiteRock,15247129,5505,18,-63
2026-07-15T03:00:48.636875+00:00,1784084447,6705,321 Surrey Central/WhiteRock,15247129,5506,19,-88
2026-07-15T03:00:48.636875+00:00,1784084447,6705,321 Surrey Central/WhiteRock,15247129,5507,20,-56
2026-07-15T03:00:48.636875+00:00,1784084447,6705,321 Surrey Central/WhiteRock,15247129,5633,21,0
2026-07-15T03:00:48.636875+00:00,1784084447,6705,321 Surrey Central/WhiteRock,15247129,5510,22,29
2026-07-15T03:00:48.636875+00:00,1784084447,6705,321 Surrey Central/WhiteRock,15247129,5511,23,24
2026-07-15T03:00:48.636875+00:00,1784084447,6705,321 Surrey Central/WhiteRock,15247129,5512,24,20
2026-07-15T03:00:48.636875+00:00,1784084447,6705,321 Surrey Central/WhiteRock,15247129,5513,25,15
2026-07-15T03:00:48.636875+00:00,1784084447,6705,321 Surrey Central/WhiteRock,15247129,5514,26,49
2026-07-15T03:00:48.636875+00:00,1784084447,6705,321 Surrey Central/WhiteRock,15247129,5515,27,46
2026-07-15T03:00:48.636875+00:00,1784084447,6705,321 Surrey Central/WhiteRock,15247129,5516,28,48
2026-07-15T03:00:48.636875+00:00,1784084447,6705,321 Surrey Central/WhiteRock,15247129,5517,29,68
2026-07-15T03:00:48.636875+00:00,1784084447,6705,321 Surrey Central/WhiteRock,15247129,5518,30,73
2026-07-15T03:00:48.636875+00:00,1784084447,6705,321 Surrey Central/WhiteRock,15247129,5519,31,58
2026-07-15T03:00:48.636875+00:00,1784084447,6705,321 Surrey Central/WhiteRock,15247129,5520,32,53
2026-07-15T03:00:48.636875+00:00,1784084447,6705,321 Surrey Central/WhiteRock,15247129,5521,33,-125
2026-07-15T03:00:48.636875+00:00,1784084447,6705,321 Surrey Central/WhiteRock,15247129,5522,34,-242
2026-07-15T03:00:48.636875+00:00,1784084447,6705,321 Surrey Central/WhiteRock,15247129,5523,35,-274
2026-07-15T03:00:48.636875+00:00,1784084447,6705,321 Surrey Central/WhiteRock,15247129,6466,36,-283
2026-07-15T03:00:48.636875+00:00,1784084447,6705,321 Surrey Central/WhiteRock,15247129,5524,37,-286
2026-07-15T03:00:48.636875+00:00,1784084447,6705,321 Surrey Central/WhiteRock,15247129,5525,38,-313
2026-07-15T03:00:48.636875+00:00,1784084447,6705,321 Surrey Central/WhiteRock,15247129,10443,39,-342
2026-07-15T03:00:48.636875+00:00,1784084447,6705,321 Surrey Central/WhiteRock,15247129,5528,40,-337
2026-07-15T03:00:48.636875+00:00,1784084447,6705,321 Surrey Central/WhiteRock,15247129,5529,41,-362
2026-07-15T03:00:48.636875+00:00,1784084447,6705,321 Surrey Central/WhiteRock,15247129,5530,42,-380
2026-07-15T03:00:48.636875+00:00,1784084447,6705,321 Surrey Central/WhiteRock,15247129,5533,43,-386
2026-07-15T03:00:48.636875+00:00,1784084447,6705,321 Surrey Central/WhiteRock,15247129,5534,44,-403
2026-07-15T03:00:48.636875+00:00,1784084447,6705,321 Surrey Central/WhiteRock,15247129,5535,45,-383
2026-07-15T03:00:48.636875+00:00,1784084447,6705,321 Surrey Central/WhiteRock,15247129,5536,46,-403
2026-07-15T03:00:48.636875+00:00,1784084447,6705,321 Surrey Central/WhiteRock,15247129,5537,47,-407
2026-07-15T03:00:48.636875+00:00,1784084447,6705,321 Surrey Central/WhiteRock,15247129,5538,48,-413
2026-07-15T03:00:48.636875+00:00,1784084447,6705,321 Surrey Central/WhiteRock,15247129,5541,49,-393
2026-07-15T03:00:48.636875+00:00,1784084447,6705,321 Surrey Central/WhiteRock,15247129,5542,50,-382
2026-07-15T03:00:48.636875+00:00,1784084447,6705,321 Surrey Central/WhiteRock,15247129,6195,51,-357
2026-07-15T03:00:48.636875+00:00,1784084447,6705,321 Surrey Central/WhiteRock,15247133,5633,21,113
2026-07-15T03:00:48.636875+00:00,1784084447,6705,321 Surrey Central/WhiteRock,15247133,5510,22,157
2026-07-15T03:00:48.636875+00:00,1784084447,6705,321 Surrey Central/WhiteRock,15247133,5511,23,152
2026-07-15T03:00:48.636875+00:00,1784084447,6705,321 Surrey Central/WhiteRock,15247133,5512,24,148
2026-07-15T03:00:48.636875+00:00,1784084447,6705,321 Surrey Central/WhiteRock,15247133,5513,25,144
2026-07-15T03:00:48.636875+00:00,1784084447,6705,321 Surrey Central/WhiteRock,15247133,5514,26,178
2026-07-15T03:00:48.636875+00:00,1784084447,6705,321 Surrey Central/WhiteRock,15247133,5515,27,175
2026-07-15T03:00:48.636875+00:00,1784084447,6705,321 Surrey Central/WhiteRock,15247133,5516,28,177
2026-07-15T03:00:48.636875+00:00,1784084447,6705,321 Surrey Central/WhiteRock,15247133,5517,29,196
2026-07-15T03:00:48.636875+00:00,1784084447,6705,321 Surrey Central/WhiteRock,15247133,5518,30,200
2026-07-15T03:00:48.636875+00:00,1784084447,6705,321 Surrey Central/WhiteRock,15247133,5519,31,185
2026-07-15T03:00:48.636875+00:00,1784084447,6705,321 Surrey Central/WhiteRock,15247133,5520,32,180
2026-07-15T03:00:48.636875+00:00,1784084447,6705,321 Surrey Central/WhiteRock,15247133,5521,33,2
2026-07-15T03:00:48.636875+00:00,1784084447,6705,321 Surrey Central/WhiteRock,15247133,5522,34,-115
2026-07-15T03:00:48.636875+00:00,1784084447,6705,321 Surrey Central/WhiteRock,15247133,5523,35,-147
2026-07-15T03:00:48.636875+00:00,1784084447,6705,321 Surrey Central/WhiteRock,15247133,6466,36,-156
2026-07-15T03:00:48.636875+00:00,1784084447,6705,321 Surrey Central/WhiteRock,15247133,5524,37,-159
2026-07-15T03:00:48.636875+00:00,1784084447,6705,321 Surrey Central/WhiteRock,15247133,5525,38,-184
2026-07-15T03:00:48.636875+00:00,1784084447,6705,321 Surrey Central/WhiteRock,15247133,10443,39,-203
2026-07-15T03:00:48.636875+00:00,1784084447,6705,321 Surrey Central/WhiteRock,15247133,5528,40,-198
2026-07-15T03:00:48.636875+00:00,1784084447,6705,321 Surrey Central/WhiteRock,15247133,5529,41,-220
2026-07-15T03:00:48.636875+00:00,1784084447,6705,321 Surrey Central/WhiteRock,15247133,5530,42,-237
2026-07-15T03:00:48.636875+00:00,1784084447,6705,321 Surrey Central/WhiteRock,15247133,5533,43,-237
2026-07-15T03:00:48.636875+00:00,1784084447,6705,321 Surrey Central/WhiteRock,15247133,5534,44,-252
2026-07-15T03:00:48.636875+00:00,1784084447,6705,321 Surrey Central/WhiteRock,15247133,5535,45,-230
2026-07-15T03:00:48.636875+00:00,1784084447,6705,321 Surrey Central/WhiteRock,15247133,5536,46,-249
2026-07-15T03:00:48.636875+00:00,1784084447,6705,321 Surrey Central/WhiteRock,15247133,5537,47,-242
2026-07-15T03:00:48.636875+00:00,1784084447,6705,321 Surrey Central/WhiteRock,15247133,5538,48,-246
2026-07-15T03:00:48.636875+00:00,1784084447,6705,321 Surrey Central/WhiteRock,15247133,5541,49,-225
2026-07-15T03:00:48.636875+00:00,1784084447,6705,321 Surrey Central/WhiteRock,15247133,5542,50,-212
2026-07-15T03:00:48.636875+00:00,1784084447,6705,321 Surrey Central/WhiteRock,15247133,6195,51,-187
2026-07-15T03:00:48.636875+00:00,1784084447,6705,321 Surrey Central/WhiteRock,15247134,5047,3,49
2026-07-15T03:00:48.636875+00:00,1784084447,6705,321 Surrey Central/WhiteRock,15247134,8566,4,24
2026-07-15T03:00:48.636875+00:00,1784084447,6705,321 Surrey Central/WhiteRock,15247134,12916,5,43
2026-07-15T03:00:48.636875+00:00,1784084447,6705,321 Surrey Central/WhiteRock,15247134,5049,6,39
2026-07-15T03:00:48.636875+00:00,1784084447,6705,321 Surrey Central/WhiteRock,15247134,5039,7,51
2026-07-15T03:00:48.636875+00:00,1784084447,6705,321 Surrey Central/WhiteRock,15247134,8351,8,39
2026-07-15T03:00:48.636875+00:00,1784084447,6705,321 Surrey Central/WhiteRock,15247134,5496,9,-3
2026-07-15T03:00:48.636875+00:00,1784084447,6705,321 Surrey Central/WhiteRock,15247134,5497,10,-33
2026-07-15T03:00:48.636875+00:00,1784084447,6705,321 Surrey Central/WhiteRock,15247134,5498,11,-47
2026-07-15T03:00:48.636875+00:00,1784084447,6705,321 Surrey Central/WhiteRock,15247134,5499,12,-76
2026-07-15T03:00:48.636875+00:00,1784084447,6705,321 Surrey Central/WhiteRock,15247134,5500,13,-86
2026-07-15T03:00:48.636875+00:00,1784084447,6705,321 Surrey Central/WhiteRock,15247134,5501,14,-107
2026-07-15T03:00:48.636875+00:00,1784084447,6705,321 Surrey Central/WhiteRock,15247134,5502,15,-113
2026-07-15T03:00:48.636875+00:00,1784084447,6705,321 Surrey Central/WhiteRock,15247134,5503,16,-104
2026-07-15T03:00:48.636875+00:00,1784084447,6705,321 Surrey Central/WhiteRock,15247134,5504,17,-147
2026-07-15T03:00:48.636875+00:00,1784084447,6705,321 Surrey Central/WhiteRock,15247134,5505,18,-125
2026-07-15T03:00:48.636875+00:00,1784084447,6705,321 Surrey Central/WhiteRock,15247134,5506,19,-150
2026-07-15T03:00:48.636875+00:00,1784084447,6705,321 Surrey Central/WhiteRock,15247134,5507,20,-118
2026-07-15T03:00:48.636875+00:00,1784084447,6705,321 Surrey Central/WhiteRock,15247134,5633,21,0
2026-07-15T03:00:48.636875+00:00,1784084447,6705,321 Surrey Central/WhiteRock,15247134,5510,22,27
2026-07-15T03:00:48.636875+00:00,1784084447,6705,321 Surrey Central/WhiteRock,15247134,5511,23,22
2026-07-15T03:00:48.636875+00:00,1784084447,6705,321 Surrey Central/WhiteRock,15247134,5512,24,18
2026-07-15T03:00:48.636875+00:00,1784084447,6705,321 Surrey Central/WhiteRock,15247134,5513,25,10
2026-07-15T03:00:48.636875+00:00,1784084447,6705,321 Surrey Central/WhiteRock,15247134,5514,26,44
2026-07-15T03:00:48.636875+00:00,1784084447,6705,321 Surrey Central/WhiteRock,15247134,5515,27,41
2026-07-15T03:00:48.636875+00:00,1784084447,6705,321 Surrey Central/WhiteRock,15247134,5516,28,39
2026-07-15T03:00:48.636875+00:00,1784084447,6705,321 Surrey Central/WhiteRock,15247134,5517,29,59
2026-07-15T03:00:48.636875+00:00,1784084447,6705,321 Surrey Central/WhiteRock,15247134,5518,30,65
2026-07-15T03:00:48.636875+00:00,1784084447,6705,321 Surrey Central/WhiteRock,15247134,5519,31,50
2026-07-15T03:00:48.636875+00:00,1784084447,6705,321 Surrey Central/WhiteRock,15247134,5520,32,45
2026-07-15T03:00:48.636875+00:00,1784084447,6705,321 Surrey Central/WhiteRock,15247134,5521,33,-132
2026-07-15T03:00:48.636875+00:00,1784084447,6705,321 Surrey Central/WhiteRock,15247134,5522,34,-249
2026-07-15T03:00:48.636875+00:00,1784084447,6705,321 Surrey Central/WhiteRock,15247134,5523,35,-281
2026-07-15T03:00:48.636875+00:00,1784084447,6705,321 Surrey Central/WhiteRock,15247134,6466,36,-289
2026-07-15T03:00:48.636875+00:00,1784084447,6705,321 Surrey Central/WhiteRock,15247134,5524,37,-292
2026-07-15T03:00:48.636875+00:00,1784084447,6705,321 Surrey Central/WhiteRock,15247134,5525,38,-319
2026-07-15T03:00:48.636875+00:00,1784084447,6705,321 Surrey Central/WhiteRock,15247134,10443,39,-348
2026-07-15T03:00:48.636875+00:00,1784084447,6705,321 Surrey Central/WhiteRock,15247134,5528,40,-342
2026-07-15T03:00:48.636875+00:00,1784084447,6705,321 Surrey Central/WhiteRock,15247134,5529,41,-365
2026-07-15T03:00:48.636875+00:00,1784084447,6705,321 Surrey Central/WhiteRock,15247134,5530,42,-382
2026-07-15T03:00:48.636875+00:00,1784084447,6705,321 Surrey Central/WhiteRock,15247134,5533,43,-385
2026-07-15T03:00:48.636875+00:00,1784084447,6705,321 Surrey Central/WhiteRock,15247134,5534,44,-402
2026-07-15T03:00:48.636875+00:00,1784084447,6705,321 Surrey Central/WhiteRock,15247134,5535,45,-402
2026-07-15T03:00:48.636875+00:00,1784084447,6705,321 Surrey Central/WhiteRock,15247134,5536,46,-423
2026-07-15T03:00:48.636875+00:00,1784084447,6705,321 Surrey Central/WhiteRock,15247134,5537,47,-429
2026-07-15T03:00:48.636875+00:00,1784084447,6705,321 Surrey Central/WhiteRock,15247134,5538,48,-436
2026-07-15T03:00:48.636875+00:00,1784084447,6705,321 Surrey Central/WhiteRock,15247134,5541,49,-422
2026-07-15T03:00:48.636875+00:00,1784084447,6705,321 Surrey Central/WhiteRock,15247134,5542,50,-413
2026-07-15T03:00:48.636875+00:00,1784084447,6705,321 Surrey Central/WhiteRock,15247134,6195,51,-386
2026-07-15T03:00:48.636875+00:00,1784084447,6705,321 Surrey Central/WhiteRock,15247172,5522,34,-229
2026-07-15T03:00:48.636875+00:00,1784084447,6705,321 Surrey Central/WhiteRock,15247172,5523,35,-261
2026-07-15T03:00:48.636875+00:00,1784084447,6705,321 Surrey Central/WhiteRock,15247172,6466,36,-270
2026-07-15T03:00:48.636875+00:00,1784084447,6705,321 Surrey Central/WhiteRock,15247172,5524,37,-273
2026-07-15T03:00:48.636875+00:00,1784084447,6705,321 Surrey Central/WhiteRock,15247172,5525,38,-300
2026-07-15T03:00:48.636875+00:00,1784084447,6705,321 Surrey Central/WhiteRock,15247172,10443,39,-328
2026-07-15T03:00:48.636875+00:00,1784084447,6705,321 Surrey Central/WhiteRock,15247172,5528,40,-322
2026-07-15T03:00:48.636875+00:00,1784084447,6705,321 Surrey Central/WhiteRock,15247172,5529,41,-347
2026-07-15T03:00:48.636875+00:00,1784084447,6705,321 Surrey Central/WhiteRock,15247172,5530,42,-364
2026-07-15T03:00:48.636875+00:00,1784084447,6705,321 Surrey Central/WhiteRock,15247172,5533,43,-369
2026-07-15T03:00:48.636875+00:00,1784084447,6705,321 Surrey Central/WhiteRock,15247172,5534,44,-386
2026-07-15T03:00:48.636875+00:00,1784084447,6705,321 Surrey Central/WhiteRock,15247172,5535,45,-373
2026-07-15T03:00:48.636875+00:00,1784084447,6705,321 Surrey Central/WhiteRock,15247172,5536,46,-393
2026-07-15T03:00:48.636875+00:00,1784084447,6705,321 Surrey Central/WhiteRock,15247172,5537,47,-398
2026-07-15T03:00:48.636875+00:00,1784084447,6705,321 Surrey Central/WhiteRock,15247172,5538,48,-404
2026-07-15T03:00:48.636875+00:00,1784084447,6705,321 Surrey Central/WhiteRock,15247172,5541,49,-379
2026-07-15T03:00:48.636875+00:00,1784084447,6705,321 Surrey Central/WhiteRock,15247172,5542,50,-368
2026-07-15T03:00:48.636875+00:00,1784084447,6705,321 Surrey Central/WhiteRock,15247172,6195,51,-343
2026-07-15T03:00:48.636875+00:00,1784084447,6705,321 Surrey Central/WhiteRock,15247224,5523,35,241
2026-07-15T03:00:48.636875+00:00,1784084447,6705,321 Surrey Central/WhiteRock,15247224,6466,36,232
2026-07-15T03:00:48.636875+00:00,1784084447,6705,321 Surrey Central/WhiteRock,15247224,5524,37,229
2026-07-15T03:00:48.636875+00:00,1784084447,6705,321 Surrey Central/WhiteRock,15247224,5525,38,205
2026-07-15T03:00:48.636875+00:00,1784084447,6705,321 Surrey Central/WhiteRock,15247224,10443,39,187
2026-07-15T03:00:48.636875+00:00,1784084447,6705,321 Surrey Central/WhiteRock,15247224,5528,40,192
2026-07-15T03:00:48.636875+00:00,1784084447,6705,321 Surrey Central/WhiteRock,15247224,5529,41,170
2026-07-15T03:00:48.636875+00:00,1784084447,6705,321 Surrey Central/WhiteRock,15247224,5530,42,153
2026-07-15T03:00:48.636875+00:00,1784084447,6705,321 Surrey Central/WhiteRock,15247224,5533,43,153
2026-07-15T03:00:48.636875+00:00,1784084447,6705,321 Surrey Central/WhiteRock,15247224,5534,44,137
2026-07-15T03:00:48.636875+00:00,1784084447,6705,321 Surrey Central/WhiteRock,15247224,5535,45,149
2026-07-15T03:00:48.636875+00:00,1784084447,6705,321 Surrey Central/WhiteRock,15247224,5536,46,129
2026-07-15T03:00:48.636875+00:00,1784084447,6705,321 Surrey Central/WhiteRock,15247224,5537,47,134
2026-07-15T03:00:48.636875+00:00,1784084447,6705,321 Surrey Central/WhiteRock,15247224,5538,48,130
2026-07-15T03:00:48.636875+00:00,1784084447,6705,321 Surrey Central/WhiteRock,15247224,5541,49,155
2026-07-15T03:00:48.636875+00:00,1784084447,6705,321 Surrey Central/WhiteRock,15247224,5542,50,168
2026-07-15T03:00:48.636875+00:00,1784084447,6705,321 Surrey Central/WhiteRock,15247224,6195,51,192
2026-07-15T03:00:48.636875+00:00,1784084447,6715,351 Bridgeport/WhiteRock,15251630,8282,25,600
2026-07-15T03:00:48.636875+00:00,1784084447,6715,351 Bridgeport/WhiteRock,15251630,8282,25,600
2026-07-15T03:00:48.636875+00:00,1784084447,6715,351 Bridgeport/WhiteRock,15251631,8282,25,12
2026-07-15T03:00:48.636875+00:00,1784084447,6715,351 Bridgeport/WhiteRock,15251632,6194,23,0
2026-07-15T03:00:48.636875+00:00,1784084447,6715,351 Bridgeport/WhiteRock,15251632,4928,24,-44
2026-07-15T03:00:48.636875+00:00,1784084447,6715,351 Bridgeport/WhiteRock,15251632,8282,25,-84
2026-07-15T03:00:48.636875+00:00,1784084447,6715,351 Bridgeport/WhiteRock,15251633,6169,5,-9
2026-07-15T03:00:48.636875+00:00,1784084447,6715,351 Bridgeport/WhiteRock,15251633,6170,6,-29
2026-07-15T03:00:48.636875+00:00,1784084447,6715,351 Bridgeport/WhiteRock,15251633,11545,7,-51
2026-07-15T03:00:48.636875+00:00,1784084447,6715,351 Bridgeport/WhiteRock,15251633,6172,8,-36
2026-07-15T03:00:48.636875+00:00,1784084447,6715,351 Bridgeport/WhiteRock,15251633,6173,9,-34
2026-07-15T03:00:48.636875+00:00,1784084447,6715,351 Bridgeport/WhiteRock,15251633,6139,10,0
2026-07-15T03:00:48.636875+00:00,1784084447,6715,351 Bridgeport/WhiteRock,15251633,5437,11,30
2026-07-15T03:00:48.636875+00:00,1784084447,6715,351 Bridgeport/WhiteRock,15251633,5438,12,24
2026-07-15T03:00:48.636875+00:00,1784084447,6715,351 Bridgeport/WhiteRock,15251633,5439,13,32
2026-07-15T03:00:48.636875+00:00,1784084447,6715,351 Bridgeport/WhiteRock,15251633,5440,14,17
2026-07-15T03:00:48.636875+00:00,1784084447,6715,351 Bridgeport/WhiteRock,15251633,5441,15,13
2026-07-15T03:00:48.636875+00:00,1784084447,6715,351 Bridgeport/WhiteRock,15251633,5442,16,-2
2026-07-15T03:00:48.636875+00:00,1784084447,6715,351 Bridgeport/WhiteRock,15251633,5444,17,7
2026-07-15T03:00:48.636875+00:00,1784084447,6715,351 Bridgeport/WhiteRock,15251633,9083,18,-12
2026-07-15T03:00:48.636875+00:00,1784084447,6715,351 Bridgeport/WhiteRock,15251633,5446,19,-8
2026-07-15T03:00:48.636875+00:00,1784084447,6715,351 Bridgeport/WhiteRock,15251633,10445,20,-12
2026-07-15T03:00:48.636875+00:00,1784084447,6715,351 Bridgeport/WhiteRock,15251633,5447,21,-42
2026-07-15T03:00:48.636875+00:00,1784084447,6715,351 Bridgeport/WhiteRock,15251633,5448,22,-40
2026-07-15T03:00:48.636875+00:00,1784084447,6715,351 Bridgeport/WhiteRock,15251633,6194,23,0
2026-07-15T03:00:48.636875+00:00,1784084447,6715,351 Bridgeport/WhiteRock,15251633,4928,24,-61
2026-07-15T03:00:48.636875+00:00,1784084447,6715,351 Bridgeport/WhiteRock,15251633,8282,25,-108
2026-07-15T03:00:48.636875+00:00,1784084447,6715,351 Bridgeport/WhiteRock,15251711,6167,21,144
2026-07-15T03:00:48.636875+00:00,1784084447,6715,351 Bridgeport/WhiteRock,15251712,6175,4,-132
2026-07-15T03:00:48.636875+00:00,1784084447,6715,351 Bridgeport/WhiteRock,15251712,5524,5,-77
2026-07-15T03:00:48.636875+00:00,1784084447,6715,351 Bridgeport/WhiteRock,15251712,5525,6,-84
2026-07-15T03:00:48.636875+00:00,1784084447,6715,351 Bridgeport/WhiteRock,15251712,10443,7,-74
2026-07-15T03:00:48.636875+00:00,1784084447,6715,351 Bridgeport/WhiteRock,15251712,5528,8,-41
2026-07-15T03:00:48.636875+00:00,1784084447,6715,351 Bridgeport/WhiteRock,15251712,5529,9,-42
2026-07-15T03:00:48.636875+00:00,1784084447,6715,351 Bridgeport/WhiteRock,15251712,5530,10,-36
2026-07-15T03:00:48.636875+00:00,1784084447,6715,351 Bridgeport/WhiteRock,15251712,5533,11,-13
2026-07-15T03:00:48.636875+00:00,1784084447,6715,351 Bridgeport/WhiteRock,15251712,5534,12,-10
2026-07-15T03:00:48.636875+00:00,1784084447,6715,351 Bridgeport/WhiteRock,15251712,5535,13,25
2026-07-15T03:00:48.636875+00:00,1784084447,6715,351 Bridgeport/WhiteRock,15251712,5536,14,35
2026-07-15T03:00:48.636875+00:00,1784084447,6715,351 Bridgeport/WhiteRock,15251712,5537,15,60
2026-07-15T03:00:48.636875+00:00,1784084447,6715,351 Bridgeport/WhiteRock,15251712,5538,16,70
2026-07-15T03:00:48.636875+00:00,1784084447,6715,351 Bridgeport/WhiteRock,15251712,5541,17,114
2026-07-15T03:00:48.636875+00:00,1784084447,6715,351 Bridgeport/WhiteRock,15251712,5542,18,136
2026-07-15T03:00:48.636875+00:00,1784084447,6715,351 Bridgeport/WhiteRock,15251712,6340,19,182
2026-07-15T03:00:48.636875+00:00,1784084447,6715,351 Bridgeport/WhiteRock,15251712,6341,20,203
2026-07-15T03:00:48.636875+00:00,1784084447,6715,351 Bridgeport/WhiteRock,15251712,6167,21,229
2026-07-15T03:00:48.636875+00:00,1784084447,6715,351 Bridgeport/WhiteRock,15251713,8283,2,746
2026-07-15T03:00:48.636875+00:00,1784084447,6715,351 Bridgeport/WhiteRock,15251713,4929,3,704
2026-07-15T03:00:48.636875+00:00,1784084447,6715,351 Bridgeport/WhiteRock,15251713,6175,4,170
2026-07-15T03:00:48.636875+00:00,1784084447,6715,351 Bridgeport/WhiteRock,15251713,5524,5,220
2026-07-15T03:00:48.636875+00:00,1784084447,6715,351 Bridgeport/WhiteRock,15251713,5525,6,213
2026-07-15T03:00:48.636875+00:00,1784084447,6715,351 Bridgeport/WhiteRock,15251713,10443,7,223
2026-07-15T03:00:48.636875+00:00,1784084447,6715,351 Bridgeport/WhiteRock,15251713,5528,8,250
2026-07-15T03:00:48.636875+00:00,1784084447,6715,351 Bridgeport/WhiteRock,15251713,5529,9,249
2026-07-15T03:00:48.636875+00:00,1784084447,6715,351 Bridgeport/WhiteRock,15251713,5530,10,255
2026-07-15T03:00:48.636875+00:00,1784084447,6715,351 Bridgeport/WhiteRock,15251713,5533,11,278
2026-07-15T03:00:48.636875+00:00,1784084447,6715,351 Bridgeport/WhiteRock,15251713,5534,12,281
2026-07-15T03:00:48.636875+00:00,1784084447,6715,351 Bridgeport/WhiteRock,15251713,5535,13,328
2026-07-15T03:00:48.636875+00:00,1784084447,6715,351 Bridgeport/WhiteRock,15251713,5536,14,338
2026-07-15T03:00:48.636875+00:00,1784084447,6715,351 Bridgeport/WhiteRock,15251713,5537,15,364
2026-07-15T03:00:48.636875+00:00,1784084447,6715,351 Bridgeport/WhiteRock,15251713,5538,16,374
2026-07-15T03:00:48.636875+00:00,1784084447,6715,351 Bridgeport/WhiteRock,15251713,5541,17,413
2026-07-15T03:00:48.636875+00:00,1784084447,6715,351 Bridgeport/WhiteRock,15251713,5542,18,435
2026-07-15T03:00:48.636875+00:00,1784084447,6715,351 Bridgeport/WhiteRock,15251713,6340,19,482
2026-07-15T03:00:48.636875+00:00,1784084447,6715,351 Bridgeport/WhiteRock,15251713,6341,20,501
2026-07-15T03:00:48.636875+00:00,1784084447,6715,351 Bridgeport/WhiteRock,15251713,6167,21,524
2026-07-15T03:00:48.636875+00:00,1784084447,11692,364 Langley Centre/Scottsdale,15252676,11156,9,25
2026-07-15T03:00:48.636875+00:00,1784084447,11692,364 Langley Centre/Scottsdale,15252676,5583,10,24
2026-07-15T03:00:48.636875+00:00,1784084447,11692,364 Langley Centre/Scottsdale,15252676,5584,11,-2
2026-07-15T03:00:48.636875+00:00,1784084447,11692,364 Langley Centre/Scottsdale,15252676,6464,12,-8
2026-07-15T03:00:48.636875+00:00,1784084447,11692,364 Langley Centre/Scottsdale,15252676,6465,13,-28
2026-07-15T03:00:48.636875+00:00,1784084447,11692,364 Langley Centre/Scottsdale,15252676,11074,14,-18
2026-07-15T03:00:48.636875+00:00,1784084447,11692,364 Langley Centre/Scottsdale,15252676,11153,15,-43
2026-07-15T03:00:48.636875+00:00,1784084447,11692,364 Langley Centre/Scottsdale,15252676,11150,16,-76
2026-07-15T03:00:48.636875+00:00,1784084447,11692,364 Langley Centre/Scottsdale,15252676,11148,17,-95
2026-07-15T03:00:48.636875+00:00,1784084447,11692,364 Langley Centre/Scottsdale,15252676,11124,18,-112
2026-07-15T03:00:48.636875+00:00,1784084447,11692,364 Langley Centre/Scottsdale,15252676,11140,19,-147
2026-07-15T03:00:48.636875+00:00,1784084447,11692,364 Langley Centre/Scottsdale,15252676,11145,20,-151
2026-07-15T03:00:48.636875+00:00,1784084447,11692,364 Langley Centre/Scottsdale,15252676,11076,21,0
2026-07-15T03:00:48.636875+00:00,1784084447,11692,364 Langley Centre/Scottsdale,15252676,12645,22,-165
2026-07-15T03:00:48.636875+00:00,1784084447,11692,364 Langley Centre/Scottsdale,15252676,9525,23,-161
2026-07-15T03:00:48.636875+00:00,1784084447,11692,364 Langley Centre/Scottsdale,15252676,10148,24,-144
2026-07-15T03:00:48.636875+00:00,1784084447,11692,364 Langley Centre/Scottsdale,15252676,10585,25,-159
2026-07-15T03:00:48.636875+00:00,1784084447,11692,364 Langley Centre/Scottsdale,15252676,10250,26,-165
2026-07-15T03:00:48.636875+00:00,1784084447,11692,364 Langley Centre/Scottsdale,15252676,10588,27,-170
2026-07-15T03:00:48.636875+00:00,1784084447,11692,364 Langley Centre/Scottsdale,15252676,10248,28,-149
2026-07-15T03:00:48.636875+00:00,1784084447,11692,364 Langley Centre/Scottsdale,15252676,10726,29,-148
2026-07-15T03:00:48.636875+00:00,1784084447,11692,364 Langley Centre/Scottsdale,15252676,10725,30,-159
2026-07-15T03:00:48.636875+00:00,1784084447,11692,364 Langley Centre/Scottsdale,15252676,10727,31,-170
2026-07-15T03:00:48.636875+00:00,1784084447,11692,364 Langley Centre/Scottsdale,15252676,10251,32,-177
2026-07-15T03:00:48.636875+00:00,1784084447,11692,364 Langley Centre/Scottsdale,15252676,10252,33,-196
2026-07-15T03:00:48.636875+00:00,1784084447,11692,364 Langley Centre/Scottsdale,15252676,10253,34,-198
2026-07-15T03:00:48.636875+00:00,1784084447,11692,364 Langley Centre/Scottsdale,15252676,10255,35,-211
2026-07-15T03:00:48.636875+00:00,1784084447,11692,364 Langley Centre/Scottsdale,15252676,5332,36,-178
2026-07-15T03:00:48.636875+00:00,1784084447,11692,364 Langley Centre/Scottsdale,15252676,12497,37,-197
2026-07-15T03:00:48.636875+00:00,1784084447,11692,364 Langley Centre/Scottsdale,15252676,5334,38,-194
2026-07-15T03:00:48.636875+00:00,1784084447,11692,364 Langley Centre/Scottsdale,15252676,6472,39,-192
2026-07-15T03:00:48.636875+00:00,1784084447,11692,364 Langley Centre/Scottsdale,15252676,6473,40,-196
2026-07-15T03:00:48.636875+00:00,1784084447,11692,364 Langley Centre/Scottsdale,15252676,6474,41,-203
2026-07-15T03:00:48.636875+00:00,1784084447,11692,364 Langley Centre/Scottsdale,15252676,9306,42,-175
2026-07-15T03:00:48.636875+00:00,1784084447,11692,364 Langley Centre/Scottsdale,15252676,11125,43,-175
2026-07-15T03:00:48.636875+00:00,1784084447,11692,364 Langley Centre/Scottsdale,15252676,9294,44,-166
2026-07-15T03:00:48.636875+00:00,1784084447,11692,364 Langley Centre/Scottsdale,15252676,9293,45,-173
2026-07-15T03:00:48.636875+00:00,1784084447,11692,364 Langley Centre/Scottsdale,15252676,11126,46,-165
2026-07-15T03:00:48.636875+00:00,1784084447,11692,364 Langley Centre/Scottsdale,15252676,7094,47,-190
2026-07-15T03:00:48.636875+00:00,1784084447,11692,364 Langley Centre/Scottsdale,15252702,10727,31,-286
2026-07-15T03:00:48.636875+00:00,1784084447,11692,364 Langley Centre/Scottsdale,15252702,10251,32,-293
2026-07-15T03:00:48.636875+00:00,1784084447,11692,364 Langley Centre/Scottsdale,15252702,10252,33,-313
2026-07-15T03:00:48.636875+00:00,1784084447,11692,364 Langley Centre/Scottsdale,15252702,10253,34,-320
2026-07-15T03:00:48.636875+00:00,1784084447,11692,364 Langley Centre/Scottsdale,15252702,10255,35,-334
2026-07-15T03:00:48.636875+00:00,1784084447,11692,364 Langley Centre/Scottsdale,15252702,5332,36,-303
2026-07-15T03:00:48.636875+00:00,1784084447,11692,364 Langley Centre/Scottsdale,15252702,12497,37,-328
2026-07-15T03:00:48.636875+00:00,1784084447,11692,364 Langley Centre/Scottsdale,15252702,5334,38,-325
2026-07-15T03:00:48.636875+00:00,1784084447,11692,364 Langley Centre/Scottsdale,15252702,6472,39,-322
2026-07-15T03:00:48.636875+00:00,1784084447,11692,364 Langley Centre/Scottsdale,15252702,6473,40,-321
2026-07-15T03:00:48.636875+00:00,1784084447,11692,364 Langley Centre/Scottsdale,15252702,6474,41,-328
2026-07-15T03:00:48.636875+00:00,1784084447,11692,364 Langley Centre/Scottsdale,15252702,9306,42,-304
2026-07-15T03:00:48.636875+00:00,1784084447,11692,364 Langley Centre/Scottsdale,15252702,11125,43,-314
2026-07-15T03:00:48.636875+00:00,1784084447,11692,364 Langley Centre/Scottsdale,15252702,9294,44,-306
2026-07-15T03:00:48.636875+00:00,1784084447,11692,364 Langley Centre/Scottsdale,15252702,9293,45,-313
2026-07-15T03:00:48.636875+00:00,1784084447,11692,364 Langley Centre/Scottsdale,15252702,11126,46,-304
2026-07-15T03:00:48.636875+00:00,1784084447,11692,364 Langley Centre/Scottsdale,15252702,7094,47,-336
2026-07-15T03:00:48.636875+00:00,1784084447,11692,364 Langley Centre/Scottsdale,15252708,7166,1,0
2026-07-15T03:00:48.636875+00:00,1784084447,11692,364 Langley Centre/Scottsdale,15252708,7096,2,0
2026-07-15T03:00:48.636875+00:00,1784084447,11692,364 Langley Centre/Scottsdale,15252708,7093,3,0
2026-07-15T03:00:48.636875+00:00,1784084447,11692,364 Langley Centre/Scottsdale,15252708,9291,4,0
2026-07-15T03:00:48.636875+00:00,1784084447,11692,364 Langley Centre/Scottsdale,15252708,9292,5,0
2026-07-15T03:00:48.636875+00:00,1784084447,11692,364 Langley Centre/Scottsdale,15252708,11264,6,0
2026-07-15T03:00:48.636875+00:00,1784084447,11692,364 Langley Centre/Scottsdale,15252708,9303,7,0
2026-07-15T03:00:48.636875+00:00,1784084447,11692,364 Langley Centre/Scottsdale,15252708,9304,8,0
2026-07-15T03:00:48.636875+00:00,1784084447,11692,364 Langley Centre/Scottsdale,15252708,6475,9,0
2026-07-15T03:00:48.636875+00:00,1784084447,11692,364 Langley Centre/Scottsdale,15252708,6476,10,0
2026-07-15T03:00:48.636875+00:00,1784084447,11692,364 Langley Centre/Scottsdale,15252708,5381,11,0
2026-07-15T03:00:48.636875+00:00,1784084447,11692,364 Langley Centre/Scottsdale,15252708,12496,12,0
2026-07-15T03:00:48.636875+00:00,1784084447,11692,364 Langley Centre/Scottsdale,15252708,5382,13,0
2026-07-15T03:00:48.636875+00:00,1784084447,11692,364 Langley Centre/Scottsdale,15252708,12516,14,0
2026-07-15T03:00:48.636875+00:00,1784084447,11692,364 Langley Centre/Scottsdale,15252708,10257,15,0
2026-07-15T03:00:48.636875+00:00,1784084447,11692,364 Langley Centre/Scottsdale,15252708,10258,16,0
2026-07-15T03:00:48.636875+00:00,1784084447,11692,364 Langley Centre/Scottsdale,15252708,10259,17,0
2026-07-15T03:00:48.636875+00:00,1784084447,11692,364 Langley Centre/Scottsdale,15252708,10260,18,0
2026-07-15T03:00:48.636875+00:00,1784084447,11692,364 Langley Centre/Scottsdale,15252708,10729,19,0
2026-07-15T03:00:48.636875+00:00,1784084447,11692,364 Langley Centre/Scottsdale,15252708,13067,20,0
2026-07-15T03:00:48.636875+00:00,1784084447,11692,364 Langley Centre/Scottsdale,15252708,10633,21,0
2026-07-15T03:00:48.636875+00:00,1784084447,11692,364 Langley Centre/Scottsdale,15252708,10149,22,0
2026-07-15T03:00:48.636875+00:00,1784084447,11692,364 Langley Centre/Scottsdale,15252708,10587,23,0
2026-07-15T03:00:48.636875+00:00,1784084447,11692,364 Langley Centre/Scottsdale,15252708,10261,24,0
2026-07-15T03:00:48.636875+00:00,1784084447,11692,364 Langley Centre/Scottsdale,15252708,10586,25,0
2026-07-15T03:00:48.636875+00:00,1784084447,11692,364 Langley Centre/Scottsdale,15252708,9547,26,0
2026-07-15T03:00:48.636875+00:00,1784084447,11692,364 Langley Centre/Scottsdale,15252708,9526,27,0
2026-07-15T03:00:48.636875+00:00,1784084447,11692,364 Langley Centre/Scottsdale,15252708,12646,28,0
2026-07-15T03:00:48.636875+00:00,1784084447,11692,364 Langley Centre/Scottsdale,15252708,11075,29,0
2026-07-15T03:00:48.636875+00:00,1784084447,11692,364 Langley Centre/Scottsdale,15252708,11174,30,0
2026-07-15T03:00:48.636875+00:00,1784084447,11692,364 Langley Centre/Scottsdale,15252708,11175,31,0
2026-07-15T03:00:48.636875+00:00,1784084447,11692,364 Langley Centre/Scottsdale,15252708,11123,32,0
2026-07-15T03:00:48.636875+00:00,1784084447,11692,364 Langley Centre/Scottsdale,15252708,11176,33,0
2026-07-15T03:00:48.636875+00:00,1784084447,11692,364 Langley Centre/Scottsdale,15252708,11177,34,0
2026-07-15T03:00:48.636875+00:00,1784084447,11692,364 Langley Centre/Scottsdale,15252708,11178,35,0
2026-07-15T03:00:48.636875+00:00,1784084447,11692,364 Langley Centre/Scottsdale,15252708,6459,36,0
2026-07-15T03:00:48.636875+00:00,1784084447,11692,364 Langley Centre/Scottsdale,15252708,6460,37,0
2026-07-15T03:00:48.636875+00:00,1784084447,11692,364 Langley Centre/Scottsdale,15252708,5621,38,0
2026-07-15T03:00:48.636875+00:00,1784084447,11692,364 Langley Centre/Scottsdale,15252708,5622,39,0
2026-07-15T03:00:48.636875+00:00,1784084447,11692,364 Langley Centre/Scottsdale,15252708,11122,40,0
2026-07-15T03:00:48.636875+00:00,1784084447,11692,364 Langley Centre/Scottsdale,15252708,11155,41,0
2026-07-15T03:00:48.636875+00:00,1784084447,11692,364 Langley Centre/Scottsdale,15252708,11143,42,0
2026-07-15T03:00:48.636875+00:00,1784084447,11692,364 Langley Centre/Scottsdale,15252708,11141,43,0
2026-07-15T03:00:48.636875+00:00,1784084447,11692,364 Langley Centre/Scottsdale,15252708,4936,44,0
2026-07-15T03:00:48.636875+00:00,1784084447,11692,364 Langley Centre/Scottsdale,15252708,4937,45,0
2026-07-15T03:00:48.636875+00:00,1784084447,11692,364 Langley Centre/Scottsdale,15252708,4938,46,0
2026-07-15T03:00:48.636875+00:00,1784084447,11692,364 Langley Centre/Scottsdale,15252708,5229,47,0
2026-07-15T03:00:48.636875+00:00,1784084447,11692,364 Langley Centre/Scottsdale,15252708,4917,48,0
2026-07-15T03:00:48.636875+00:00,1784084447,11692,364 Langley Centre/Scottsdale,15252710,10258,16,100
2026-07-15T03:00:48.636875+00:00,1784084447,11692,364 Langley Centre/Scottsdale,15252710,10259,17,60
2026-07-15T03:00:48.636875+00:00,1784084447,11692,364 Langley Centre/Scottsdale,15252710,10260,18,46
2026-07-15T03:00:48.636875+00:00,1784084447,11692,364 Langley Centre/Scottsdale,15252710,10729,19,5
2026-07-15T03:00:48.636875+00:00,1784084447,11692,364 Langley Centre/Scottsdale,15252710,13067,20,-14
2026-07-15T03:00:48.636875+00:00,1784084447,11692,364 Langley Centre/Scottsdale,15252710,10633,21,-38
2026-07-15T03:00:48.636875+00:00,1784084447,11692,364 Langley Centre/Scottsdale,15252710,10149,22,-9
2026-07-15T03:00:48.636875+00:00,1784084447,11692,364 Langley Centre/Scottsdale,15252710,10587,23,-25
2026-07-15T03:00:48.636875+00:00,1784084447,11692,364 Langley Centre/Scottsdale,15252710,10261,24,-52
2026-07-15T03:00:48.636875+00:00,1784084447,11692,364 Langley Centre/Scottsdale,15252710,10586,25,-82
2026-07-15T03:00:48.636875+00:00,1784084447,11692,364 Langley Centre/Scottsdale,15252710,9547,26,-78
2026-07-15T03:00:48.636875+00:00,1784084447,11692,364 Langley Centre/Scottsdale,15252710,9526,27,-99
2026-07-15T03:00:48.636875+00:00,1784084447,11692,364 Langley Centre/Scottsdale,15252710,12646,28,-114
2026-07-15T03:00:48.636875+00:00,1784084447,11692,364 Langley Centre/Scottsdale,15252710,11075,29,-251
2026-07-15T03:00:48.636875+00:00,1784084447,11692,364 Langley Centre/Scottsdale,15252710,11174,30,-263
2026-07-15T03:00:48.636875+00:00,1784084447,11692,364 Langley Centre/Scottsdale,15252710,11175,31,-288
2026-07-15T03:00:48.636875+00:00,1784084447,11692,364 Langley Centre/Scottsdale,15252710,11123,32,-275
2026-07-15T03:00:48.636875+00:00,1784084447,11692,364 Langley Centre/Scottsdale,15252710,11176,33,-273
2026-07-15T03:00:48.636875+00:00,1784084447,11692,364 Langley Centre/Scottsdale,15252710,11177,34,-294
2026-07-15T03:00:48.636875+00:00,1784084447,11692,364 Langley Centre/Scottsdale,15252710,11178,35,-317
2026-07-15T03:00:48.636875+00:00,1784084447,11692,364 Langley Centre/Scottsdale,15252710,6459,36,-289
2026-07-15T03:00:48.636875+00:00,1784084447,11692,364 Langley Centre/Scottsdale,15252710,6460,37,-291
2026-07-15T03:00:48.636875+00:00,1784084447,11692,364 Langley Centre/Scottsdale,15252710,5621,38,-282
2026-07-15T03:00:48.636875+00:00,1784084447,11692,364 Langley Centre/Scottsdale,15252710,5622,39,-297
2026-07-15T03:00:48.636875+00:00,1784084447,11692,364 Langley Centre/Scottsdale,15252710,11122,40,-277
2026-07-15T03:00:48.636875+00:00,1784084447,11692,364 Langley Centre/Scottsdale,15252710,11155,41,-280
2026-07-15T03:00:48.636875+00:00,1784084447,11692,364 Langley Centre/Scottsdale,15252710,11143,42,-280
2026-07-15T03:00:48.636875+00:00,1784084447,11692,364 Langley Centre/Scottsdale,15252710,11141,43,-306
2026-07-15T03:00:48.636875+00:00,1784084447,11692,364 Langley Centre/Scottsdale,15252710,4936,44,-300
2026-07-15T03:00:48.636875+00:00,1784084447,11692,364 Langley Centre/Scottsdale,15252710,4937,45,-316
2026-07-15T03:00:48.636875+00:00,1784084447,11692,364 Langley Centre/Scottsdale,15252710,4938,46,-337
2026-07-15T03:00:48.636875+00:00,1784084447,11692,364 Langley Centre/Scottsdale,15252710,5229,47,-332
2026-07-15T03:00:48.636875+00:00,1784084447,11692,364 Langley Centre/Scottsdale,15252710,4917,48,-314
2026-07-15T03:00:48.636875+00:00,1784084447,11692,364 Langley Centre/Scottsdale,15252711,4936,44,-278
2026-07-15T03:00:48.636875+00:00,1784084447,11692,364 Langley Centre/Scottsdale,15252711,4937,45,-292
2026-07-15T03:00:48.636875+00:00,1784084447,11692,364 Langley Centre/Scottsdale,15252711,4938,46,-311
2026-07-15T03:00:48.636875+00:00,1784084447,11692,364 Langley Centre/Scottsdale,15252711,5229,47,-305
2026-07-15T03:00:48.636875+00:00,1784084447,11692,364 Langley Centre/Scottsdale,15252711,4917,48,-285
2026-07-15T03:00:48.636875+00:00,1784084447,18705,531 WhiteRock/WillowBrook,15259160,12173,45,-27
2026-07-15T03:00:48.636875+00:00,1784084447,18705,531 WhiteRock/WillowBrook,15259160,9291,46,-69
2026-07-15T03:00:48.636875+00:00,1784084447,18705,531 WhiteRock/WillowBrook,15259160,9292,47,-73
2026-07-15T03:00:48.636875+00:00,1784084447,18705,531 WhiteRock/WillowBrook,15259160,11264,48,-65
2026-07-15T03:00:48.636875+00:00,1784084447,18705,531 WhiteRock/WillowBrook,15259160,9303,49,-49
2026-07-15T03:00:48.636875+00:00,1784084447,18705,531 WhiteRock/WillowBrook,15259160,9304,50,-51
2026-07-15T03:00:48.636875+00:00,1784084447,18705,531 WhiteRock/WillowBrook,15259160,6475,51,-19
2026-07-15T03:00:48.636875+00:00,1784084447,18705,531 WhiteRock/WillowBrook,15259160,6476,52,-29
2026-07-15T03:00:48.636875+00:00,1784084447,18705,531 WhiteRock/WillowBrook,15259160,5335,53,-24
2026-07-15T03:00:48.636875+00:00,1784084447,18705,531 WhiteRock/WillowBrook,15259160,7100,54,-6
2026-07-15T03:00:48.636875+00:00,1784084447,18705,531 WhiteRock/WillowBrook,15259161,11743,14,182
2026-07-15T03:00:48.636875+00:00,1784084447,18705,531 WhiteRock/WillowBrook,15259161,12306,15,135
2026-07-15T03:00:48.636875+00:00,1784084447,18705,531 WhiteRock/WillowBrook,15259161,12218,16,97
2026-07-15T03:00:48.636875+00:00,1784084447,18705,531 WhiteRock/WillowBrook,15259161,11924,17,44
2026-07-15T03:00:48.636875+00:00,1784084447,18705,531 WhiteRock/WillowBrook,15259161,13131,18,14
2026-07-15T03:00:48.636875+00:00,1784084447,18705,531 WhiteRock/WillowBrook,15259161,11923,19,-9
2026-07-15T03:00:48.636875+00:00,1784084447,18705,531 WhiteRock/WillowBrook,15259161,12597,20,-59
2026-07-15T03:00:48.636875+00:00,1784084447,18705,531 WhiteRock/WillowBrook,15259161,11922,21,-76
2026-07-15T03:00:48.636875+00:00,1784084447,18705,531 WhiteRock/WillowBrook,15259161,11744,22,-64
2026-07-15T03:00:48.636875+00:00,1784084447,18705,531 WhiteRock/WillowBrook,15259161,11839,23,-77
2026-07-15T03:00:48.636875+00:00,1784084447,18705,531 WhiteRock/WillowBrook,15259161,12922,24,-95
2026-07-15T03:00:48.636875+00:00,1784084447,18705,531 WhiteRock/WillowBrook,15259161,12923,25,-122
2026-07-15T03:00:48.636875+00:00,1784084447,18705,531 WhiteRock/WillowBrook,15259161,12925,26,-129
2026-07-15T03:00:48.636875+00:00,1784084447,18705,531 WhiteRock/WillowBrook,15259161,12928,27,-150
2026-07-15T03:00:48.636875+00:00,1784084447,18705,531 WhiteRock/WillowBrook,15259161,12930,28,-170
2026-07-15T03:00:48.636875+00:00,1784084447,18705,531 WhiteRock/WillowBrook,15259161,13042,29,-191
2026-07-15T03:00:48.636875+00:00,1784084447,18705,531 WhiteRock/WillowBrook,15259161,8936,30,-192
2026-07-15T03:00:48.636875+00:00,1784084447,18705,531 WhiteRock/WillowBrook,15259161,9030,31,-202
2026-07-15T03:00:48.636875+00:00,1784084447,18705,531 WhiteRock/WillowBrook,15259161,8937,32,-216
2026-07-15T03:00:48.636875+00:00,1784084447,18705,531 WhiteRock/WillowBrook,15259161,8938,33,-220
2026-07-15T03:00:48.636875+00:00,1784084447,18705,531 WhiteRock/WillowBrook,15259161,7081,34,-226
2026-07-15T03:00:48.636875+00:00,1784084447,18705,531 WhiteRock/WillowBrook,15259161,7082,35,-232
2026-07-15T03:00:48.636875+00:00,1784084447,18705,531 WhiteRock/WillowBrook,15259161,7083,36,-254
2026-07-15T03:00:48.636875+00:00,1784084447,18705,531 WhiteRock/WillowBrook,15259161,7084,37,-269
2026-07-15T03:00:48.636875+00:00,1784084447,18705,531 WhiteRock/WillowBrook,15259161,7085,38,-293
2026-07-15T03:00:48.636875+00:00,1784084447,18705,531 WhiteRock/WillowBrook,15259161,8939,39,-301
2026-07-15T03:00:48.636875+00:00,1784084447,18705,531 WhiteRock/WillowBrook,15259161,7086,40,-312
2026-07-15T03:00:48.636875+00:00,1784084447,18705,531 WhiteRock/WillowBrook,15259161,8940,41,-336
2026-07-15T03:00:48.636875+00:00,1784084447,18705,531 WhiteRock/WillowBrook,15259161,5341,42,-332
2026-07-15T03:00:48.636875+00:00,1784084447,18705,531 WhiteRock/WillowBrook,15259161,5342,43,-324
2026-07-15T03:00:48.636875+00:00,1784084447,18705,531 WhiteRock/WillowBrook,15259161,12293,44,-316
2026-07-15T03:00:48.636875+00:00,1784084447,18705,531 WhiteRock/WillowBrook,15259161,12173,45,-267
2026-07-15T03:00:48.636875+00:00,1784084447,18705,531 WhiteRock/WillowBrook,15259161,9291,46,-311
2026-07-15T03:00:48.636875+00:00,1784084447,18705,531 WhiteRock/WillowBrook,15259161,9292,47,-316
2026-07-15T03:00:48.636875+00:00,1784084447,18705,531 WhiteRock/WillowBrook,15259161,11264,48,-308
2026-07-15T03:00:48.636875+00:00,1784084447,18705,531 WhiteRock/WillowBrook,15259161,9303,49,-297
2026-07-15T03:00:48.636875+00:00,1784084447,18705,531 WhiteRock/WillowBrook,15259161,9304,50,-301
2026-07-15T03:00:48.636875+00:00,1784084447,18705,531 WhiteRock/WillowBrook,15259161,6475,51,-269
2026-07-15T03:00:48.636875+00:00,1784084447,18705,531 WhiteRock/WillowBrook,15259161,6476,52,-279
2026-07-15T03:00:48.636875+00:00,1784084447,18705,531 WhiteRock/WillowBrook,15259161,5335,53,-275
2026-07-15T03:00:48.636875+00:00,1784084447,18705,531 WhiteRock/WillowBrook,15259161,7100,54,-259
2026-07-15T03:00:48.636875+00:00,1784084447,18705,531 WhiteRock/WillowBrook,15259185,7171,15,45
2026-07-15T03:00:48.636875+00:00,1784084447,18705,531 WhiteRock/WillowBrook,15259185,7172,16,17
2026-07-15T03:00:48.636875+00:00,1784084447,18705,531 WhiteRock/WillowBrook,15259185,7173,17,8
2026-07-15T03:00:48.636875+00:00,1784084447,18705,531 WhiteRock/WillowBrook,15259185,7174,18,-17
2026-07-15T03:00:48.636875+00:00,1784084447,18705,531 WhiteRock/WillowBrook,15259185,7175,19,-26
2026-07-15T03:00:48.636875+00:00,1784084447,18705,531 WhiteRock/WillowBrook,15259185,7176,20,-45
2026-07-15T03:00:48.636875+00:00,1784084447,18705,531 WhiteRock/WillowBrook,15259185,7177,21,-43
2026-07-15T03:00:48.636875+00:00,1784084447,18705,531 WhiteRock/WillowBrook,15259185,8948,22,-57
2026-07-15T03:00:48.636875+00:00,1784084447,18705,531 WhiteRock/WillowBrook,15259185,9031,23,-70
2026-07-15T03:00:48.636875+00:00,1784084447,18705,531 WhiteRock/WillowBrook,15259185,12931,24,-69
2026-07-15T03:00:48.636875+00:00,1784084447,18705,531 WhiteRock/WillowBrook,15259185,13041,25,-80
2026-07-15T03:00:48.636875+00:00,1784084447,18705,531 WhiteRock/WillowBrook,15259185,12929,26,-88
2026-07-15T03:00:48.636875+00:00,1784084447,18705,531 WhiteRock/WillowBrook,15259185,12927,27,-112
2026-07-15T03:00:48.636875+00:00,1784084447,18705,531 WhiteRock/WillowBrook,15259185,12926,28,-101
2026-07-15T03:00:48.636875+00:00,1784084447,18705,531 WhiteRock/WillowBrook,15259185,12924,29,-114
2026-07-15T03:00:48.636875+00:00,1784084447,18705,531 WhiteRock/WillowBrook,15259185,11751,30,-108
2026-07-15T03:00:48.636875+00:00,1784084447,18705,531 WhiteRock/WillowBrook,15259185,11745,33,-170
2026-07-15T03:00:48.636875+00:00,1784084447,18705,531 WhiteRock/WillowBrook,15259185,13040,34,-195
2026-07-15T03:00:48.636875+00:00,1784084447,18705,531 WhiteRock/WillowBrook,15259185,12598,35,-216
2026-07-15T03:00:48.636875+00:00,1784084447,18705,531 WhiteRock/WillowBrook,15259185,11920,36,-263
2026-07-15T03:00:48.636875+00:00,1784084447,18705,531 WhiteRock/WillowBrook,15259185,13130,37,-289
2026-07-15T03:00:48.636875+00:00,1784084447,18705,531 WhiteRock/WillowBrook,15259185,11925,38,-314
2026-07-15T03:00:48.636875+00:00,1784084447,18705,531 WhiteRock/WillowBrook,15259185,12219,39,-345
2026-07-15T03:00:48.636875+00:00,1784084447,18705,531 WhiteRock/WillowBrook,15259185,12307,40,-402
2026-07-15T03:00:48.636875+00:00,1784084447,18705,531 WhiteRock/WillowBrook,15259185,11742,41,-437
2026-07-15T03:00:48.636875+00:00,1784084447,18705,531 WhiteRock/WillowBrook,15259185,11741,42,-481
2026-07-15T03:00:48.636875+00:00,1784084447,18705,531 WhiteRock/WillowBrook,15259185,11740,43,-496
2026-07-15T03:00:48.636875+00:00,1784084447,18705,531 WhiteRock/WillowBrook,15259185,11739,44,-461
2026-07-15T03:00:48.636875+00:00,1784084447,18705,531 WhiteRock/WillowBrook,15259185,11737,45,-434
2026-07-15T03:00:48.636875+00:00,1784084447,18705,531 WhiteRock/WillowBrook,15259185,11757,46,-459
2026-07-15T03:00:48.636875+00:00,1784084447,18705,531 WhiteRock/WillowBrook,15259185,11735,47,-436
2026-07-15T03:00:48.636875+00:00,1784084447,18705,531 WhiteRock/WillowBrook,15259185,11756,48,-438
2026-07-15T03:00:48.636875+00:00,1784084447,18705,531 WhiteRock/WillowBrook,15259185,5535,49,-408
2026-07-15T03:00:48.636875+00:00,1784084447,18705,531 WhiteRock/WillowBrook,15259185,5536,50,-424
2026-07-15T03:00:48.636875+00:00,1784084447,18705,531 WhiteRock/WillowBrook,15259185,5537,51,-418
2026-07-15T03:00:48.636875+00:00,1784084447,18705,531 WhiteRock/WillowBrook,15259185,5538,52,-421
2026-07-15T03:00:48.636875+00:00,1784084447,18705,531 WhiteRock/WillowBrook,15259185,5539,53,-414
2026-07-15T03:00:48.636875+00:00,1784084447,18705,531 WhiteRock/WillowBrook,15259185,5540,54,-407
2026-07-15T03:00:48.636875+00:00,1784084447,18705,531 WhiteRock/WillowBrook,15259215,12307,40,253
2026-07-15T03:00:48.636875+00:00,1784084447,18705,531 WhiteRock/WillowBrook,15259215,11742,41,219
2026-07-15T03:00:48.636875+00:00,1784084447,18705,531 WhiteRock/WillowBrook,15259215,11741,42,177
2026-07-15T03:00:48.636875+00:00,1784084447,18705,531 WhiteRock/WillowBrook,15259215,11740,43,163
2026-07-15T03:00:48.636875+00:00,1784084447,18705,531 WhiteRock/WillowBrook,15259215,11739,44,197
2026-07-15T03:00:48.636875+00:00,1784084447,18705,531 WhiteRock/WillowBrook,15259215,11737,45,229
2026-07-15T03:00:48.636875+00:00,1784084447,18705,531 WhiteRock/WillowBrook,15259215,11757,46,205
2026-07-15T03:00:48.636875+00:00,1784084447,18705,531 WhiteRock/WillowBrook,15259215,11735,47,228
2026-07-15T03:00:48.636875+00:00,1784084447,18705,531 WhiteRock/WillowBrook,15259215,11756,48,227
2026-07-15T03:00:48.636875+00:00,1784084447,18705,531 WhiteRock/WillowBrook,15259215,5535,49,256
2026-07-15T03:00:48.636875+00:00,1784084447,18705,531 WhiteRock/WillowBrook,15259215,5536,50,239
2026-07-15T03:00:48.636875+00:00,1784084447,18705,531 WhiteRock/WillowBrook,15259215,5537,51,236
2026-07-15T03:00:48.636875+00:00,1784084447,18705,531 WhiteRock/WillowBrook,15259215,5538,52,231
2026-07-15T03:00:48.636875+00:00,1784084447,18705,531 WhiteRock/WillowBrook,15259215,5539,53,246
2026-07-15T03:00:48.636875+00:00,1784084447,18705,531 WhiteRock/WillowBrook,15259215,5540,54,255
