captured_at,feed_timestamp,route_id,route_label,trip_id,stop_id,stop_sequence,delay_seconds
2026-07-25T00:01:46.560513+00:00,1784937699,6705,321 Surrey Central/WhiteRock,15247048,10442,57,352
2026-07-25T00:01:46.560513+00:00,1784937699,6705,321 Surrey Central/WhiteRock,15247048,9929,58,371
2026-07-25T00:01:46.560513+00:00,1784937699,6705,321 Surrey Central/WhiteRock,15247048,9930,59,316
2026-07-25T00:01:46.560513+00:00,1784937699,6705,321 Surrey Central/WhiteRock,15247048,9932,60,218
2026-07-25T00:01:46.560513+00:00,1784937699,6705,321 Surrey Central/WhiteRock,15247049,12155,55,-92
2026-07-25T00:01:46.560513+00:00,1784937699,6705,321 Surrey Central/WhiteRock,15247049,11882,56,0
2026-07-25T00:01:46.560513+00:00,1784937699,6705,321 Surrey Central/WhiteRock,15247049,10442,57,83
2026-07-25T00:01:46.560513+00:00,1784937699,6705,321 Surrey Central/WhiteRock,15247049,9929,58,102
2026-07-25T00:01:46.560513+00:00,1784937699,6705,321 Surrey Central/WhiteRock,15247049,9930,59,47
2026-07-25T00:01:46.560513+00:00,1784937699,6705,321 Surrey Central/WhiteRock,15247049,9932,60,-49
2026-07-25T00:01:46.560513+00:00,1784937699,6705,321 Surrey Central/WhiteRock,15247050,5467,41,281
2026-07-25T00:01:46.560513+00:00,1784937699,6705,321 Surrey Central/WhiteRock,15247050,5468,42,255
2026-07-25T00:01:46.560513+00:00,1784937699,6705,321 Surrey Central/WhiteRock,15247050,5469,43,213
2026-07-25T00:01:46.560513+00:00,1784937699,6705,321 Surrey Central/WhiteRock,15247050,5470,44,189
2026-07-25T00:01:46.560513+00:00,1784937699,6705,321 Surrey Central/WhiteRock,15247050,5471,45,155
2026-07-25T00:01:46.560513+00:00,1784937699,6705,321 Surrey Central/WhiteRock,15247050,5472,46,128
2026-07-25T00:01:46.560513+00:00,1784937699,6705,321 Surrey Central/WhiteRock,15247050,5473,47,76
2026-07-25T00:01:46.560513+00:00,1784937699,6705,321 Surrey Central/WhiteRock,15247050,5474,48,70
2026-07-25T00:01:46.560513+00:00,1784937699,6705,321 Surrey Central/WhiteRock,15247050,5475,49,22
2026-07-25T00:01:46.560513+00:00,1784937699,6705,321 Surrey Central/WhiteRock,15247050,5476,50,-7
2026-07-25T00:01:46.560513+00:00,1784937699,6705,321 Surrey Central/WhiteRock,15247050,5477,51,-30
2026-07-25T00:01:46.560513+00:00,1784937699,6705,321 Surrey Central/WhiteRock,15247050,11725,52,-54
2026-07-25T00:01:46.560513+00:00,1784937699,6705,321 Surrey Central/WhiteRock,15247050,5040,53,-36
2026-07-25T00:01:46.560513+00:00,1784937699,6705,321 Surrey Central/WhiteRock,15247050,5041,54,-31
2026-07-25T00:01:46.560513+00:00,1784937699,6705,321 Surrey Central/WhiteRock,15247050,12155,55,-19
2026-07-25T00:01:46.560513+00:00,1784937699,6705,321 Surrey Central/WhiteRock,15247050,11882,56,7
2026-07-25T00:01:46.560513+00:00,1784937699,6705,321 Surrey Central/WhiteRock,15247050,10442,57,89
2026-07-25T00:01:46.560513+00:00,1784937699,6705,321 Surrey Central/WhiteRock,15247050,9929,58,108
2026-07-25T00:01:46.560513+00:00,1784937699,6705,321 Surrey Central/WhiteRock,15247050,9930,59,53
2026-07-25T00:01:46.560513+00:00,1784937699,6705,321 Surrey Central/WhiteRock,15247050,9932,60,-42
2026-07-25T00:01:46.560513+00:00,1784937699,6705,321 Surrey Central/WhiteRock,15247066,9929,58,688
2026-07-25T00:01:46.560513+00:00,1784937699,6705,321 Surrey Central/WhiteRock,15247066,9930,59,637
2026-07-25T00:01:46.560513+00:00,1784937699,6705,321 Surrey Central/WhiteRock,15247066,9932,60,539
2026-07-25T00:01:46.560513+00:00,1784937699,6705,321 Surrey Central/WhiteRock,15247159,5521,38,230
2026-07-25T00:01:46.560513+00:00,1784937699,6705,321 Surrey Central/WhiteRock,15247159,5522,39,90
2026-07-25T00:01:46.560513+00:00,1784937699,6705,321 Surrey Central/WhiteRock,15247159,5523,40,52
2026-07-25T00:01:46.560513+00:00,1784937699,6705,321 Surrey Central/WhiteRock,15247159,6466,41,32
2026-07-25T00:01:46.560513+00:00,1784937699,6705,321 Surrey Central/WhiteRock,15247159,5524,42,65
2026-07-25T00:01:46.560513+00:00,1784937699,6705,321 Surrey Central/WhiteRock,15247159,5525,43,37
2026-07-25T00:01:46.560513+00:00,1784937699,6705,321 Surrey Central/WhiteRock,15247159,10443,44,15
2026-07-25T00:01:46.560513+00:00,1784937699,6705,321 Surrey Central/WhiteRock,15247159,5528,45,16
2026-07-25T00:01:46.560513+00:00,1784937699,6705,321 Surrey Central/WhiteRock,15247159,5529,46,-7
2026-07-25T00:01:46.560513+00:00,1784937699,6705,321 Surrey Central/WhiteRock,15247159,5530,47,-24
2026-07-25T00:01:46.560513+00:00,1784937699,6705,321 Surrey Central/WhiteRock,15247159,5533,48,-24
2026-07-25T00:01:46.560513+00:00,1784937699,6705,321 Surrey Central/WhiteRock,15247159,5534,49,-44
2026-07-25T00:01:46.560513+00:00,1784937699,6705,321 Surrey Central/WhiteRock,15247159,5535,50,-26
2026-07-25T00:01:46.560513+00:00,1784937699,6705,321 Surrey Central/WhiteRock,15247159,5536,51,-50
2026-07-25T00:01:46.560513+00:00,1784937699,6705,321 Surrey Central/WhiteRock,15247159,5537,52,-51
2026-07-25T00:01:46.560513+00:00,1784937699,6705,321 Surrey Central/WhiteRock,15247159,5538,53,-58
2026-07-25T00:01:46.560513+00:00,1784937699,6705,321 Surrey Central/WhiteRock,15247159,5541,54,-25
2026-07-25T00:01:46.560513+00:00,1784937699,6705,321 Surrey Central/WhiteRock,15247159,5542,55,-13
2026-07-25T00:01:46.560513+00:00,1784937699,6705,321 Surrey Central/WhiteRock,15247159,6195,56,13
2026-07-25T00:01:46.560513+00:00,1784937699,6705,321 Surrey Central/WhiteRock,15247186,5534,49,-144
2026-07-25T00:01:46.560513+00:00,1784937699,6705,321 Surrey Central/WhiteRock,15247186,5535,50,-127
2026-07-25T00:01:46.560513+00:00,1784937699,6705,321 Surrey Central/WhiteRock,15247186,5536,51,-150
2026-07-25T00:01:46.560513+00:00,1784937699,6705,321 Surrey Central/WhiteRock,15247186,5537,52,-146
2026-07-25T00:01:46.560513+00:00,1784937699,6705,321 Surrey Central/WhiteRock,15247186,5538,53,-153
2026-07-25T00:01:46.560513+00:00,1784937699,6705,321 Surrey Central/WhiteRock,15247186,5541,54,-120
2026-07-25T00:01:46.560513+00:00,1784937699,6705,321 Surrey Central/WhiteRock,15247186,5542,55,-108
2026-07-25T00:01:46.560513+00:00,1784937699,6705,321 Surrey Central/WhiteRock,15247186,6195,56,-76
2026-07-25T00:01:46.560513+00:00,1784937699,6715,351 Bridgeport/WhiteRock,15251695,6167,21,-142
2026-07-25T00:01:46.560513+00:00,1784937699,11692,364 Langley Centre/Scottsdale,15252696,7094,47,881
2026-07-25T00:01:46.560513+00:00,1784937699,18705,531 WhiteRock/WillowBrook,15259154,5342,43,-33
2026-07-25T00:01:46.560513+00:00,1784937699,18705,531 WhiteRock/WillowBrook,15259154,12293,44,-18
2026-07-25T00:01:46.560513+00:00,1784937699,18705,531 WhiteRock/WillowBrook,15259154,12173,45,43
2026-07-25T00:01:46.560513+00:00,1784937699,18705,531 WhiteRock/WillowBrook,15259154,9291,46,8
2026-07-25T00:01:46.560513+00:00,1784937699,18705,531 WhiteRock/WillowBrook,15259154,9292,47,2
2026-07-25T00:01:46.560513+00:00,1784937699,18705,531 WhiteRock/WillowBrook,15259154,11264,48,25
2026-07-25T00:01:46.560513+00:00,1784937699,18705,531 WhiteRock/WillowBrook,15259154,9303,49,37
2026-07-25T00:01:46.560513+00:00,1784937699,18705,531 WhiteRock/WillowBrook,15259154,9304,50,34
2026-07-25T00:01:46.560513+00:00,1784937699,18705,531 WhiteRock/WillowBrook,15259154,6475,51,79
2026-07-25T00:01:46.560513+00:00,1784937699,18705,531 WhiteRock/WillowBrook,15259154,6476,52,66
2026-07-25T00:01:46.560513+00:00,1784937699,18705,531 WhiteRock/WillowBrook,15259154,5335,53,71
2026-07-25T00:01:46.560513+00:00,1784937699,18705,531 WhiteRock/WillowBrook,15259154,7100,54,105
2026-07-25T00:01:46.560513+00:00,1784937699,18705,531 WhiteRock/WillowBrook,15259207,5536,48,772
2026-07-25T00:01:46.560513+00:00,1784937699,18705,531 WhiteRock/WillowBrook,15259207,5537,49,760
2026-07-25T00:01:46.560513+00:00,1784937699,18705,531 WhiteRock/WillowBrook,15259207,5538,50,751
2026-07-25T00:01:46.560513+00:00,1784937699,18705,531 WhiteRock/WillowBrook,15259207,5539,51,765
2026-07-25T00:01:46.560513+00:00,1784937699,18705,531 WhiteRock/WillowBrook,15259207,5540,52,773
2026-07-25T00:01:46.560513+00:00,1784937699,18705,531 WhiteRock/WillowBrook,15259221,5536,48,-248
2026-07-25T00:01:46.560513+00:00,1784937699,18705,531 WhiteRock/WillowBrook,15259221,5537,49,-260
2026-07-25T00:01:46.560513+00:00,1784937699,18705,531 WhiteRock/WillowBrook,15259221,5538,50,-269
2026-07-25T00:01:46.560513+00:00,1784937699,18705,531 WhiteRock/WillowBrook,15259221,5539,51,-255
2026-07-25T00:01:46.560513+00:00,1784937699,18705,531 WhiteRock/WillowBrook,15259221,5540,52,-247
2026-07-25T00:05:20.777579+00:00,1784937910,6705,321 Surrey Central/WhiteRock,15247048,10442,57,383
2026-07-25T00:05:20.777579+00:00,1784937910,6705,321 Surrey Central/WhiteRock,15247048,9929,58,402
2026-07-25T00:05:20.777579+00:00,1784937910,6705,321 Surrey Central/WhiteRock,15247048,9930,59,347
2026-07-25T00:05:20.777579+00:00,1784937910,6705,321 Surrey Central/WhiteRock,15247048,9932,60,249
2026-07-25T00:05:20.777579+00:00,1784937910,6705,321 Surrey Central/WhiteRock,15247049,11882,56,0
2026-07-25T00:05:20.777579+00:00,1784937910,6705,321 Surrey Central/WhiteRock,15247049,10442,57,83
2026-07-25T00:05:20.777579+00:00,1784937910,6705,321 Surrey Central/WhiteRock,15247049,9929,58,102
2026-07-25T00:05:20.777579+00:00,1784937910,6705,321 Surrey Central/WhiteRock,15247049,9930,59,47
2026-07-25T00:05:20.777579+00:00,1784937910,6705,321 Surrey Central/WhiteRock,15247049,9932,60,-49
2026-07-25T00:05:20.777579+00:00,1784937910,6705,321 Surrey Central/WhiteRock,15247050,5471,45,215
2026-07-25T00:05:20.777579+00:00,1784937910,6705,321 Surrey Central/WhiteRock,15247050,5472,46,188
2026-07-25T00:05:20.777579+00:00,1784937910,6705,321 Surrey Central/WhiteRock,15247050,5473,47,136
2026-07-25T00:05:20.777579+00:00,1784937910,6705,321 Surrey Central/WhiteRock,15247050,5474,48,130
2026-07-25T00:05:20.777579+00:00,1784937910,6705,321 Surrey Central/WhiteRock,15247050,5475,49,82
2026-07-25T00:05:20.777579+00:00,1784937910,6705,321 Surrey Central/WhiteRock,15247050,5476,50,53
2026-07-25T00:05:20.777579+00:00,1784937910,6705,321 Surrey Central/WhiteRock,15247050,5477,51,30
2026-07-25T00:05:20.777579+00:00,1784937910,6705,321 Surrey Central/WhiteRock,15247050,11725,52,6
2026-07-25T00:05:20.777579+00:00,1784937910,6705,321 Surrey Central/WhiteRock,15247050,5040,53,24
2026-07-25T00:05:20.777579+00:00,1784937910,6705,321 Surrey Central/WhiteRock,15247050,5041,54,29
2026-07-25T00:05:20.777579+00:00,1784937910,6705,321 Surrey Central/WhiteRock,15247050,12155,55,41
2026-07-25T00:05:20.777579+00:00,1784937910,6705,321 Surrey Central/WhiteRock,15247050,11882,56,72
2026-07-25T00:05:20.777579+00:00,1784937910,6705,321 Surrey Central/WhiteRock,15247050,10442,57,154
2026-07-25T00:05:20.777579+00:00,1784937910,6705,321 Surrey Central/WhiteRock,15247050,9929,58,173
2026-07-25T00:05:20.777579+00:00,1784937910,6705,321 Surrey Central/WhiteRock,15247050,9930,59,118
2026-07-25T00:05:20.777579+00:00,1784937910,6705,321 Surrey Central/WhiteRock,15247050,9932,60,23
2026-07-25T00:05:20.777579+00:00,1784937910,6705,321 Surrey Central/WhiteRock,15247066,9932,60,539
2026-07-25T00:05:20.777579+00:00,1784937910,6705,321 Surrey Central/WhiteRock,15247159,6466,41,16
2026-07-25T00:05:20.777579+00:00,1784937910,6705,321 Surrey Central/WhiteRock,15247159,5524,42,49
2026-07-25T00:05:20.777579+00:00,1784937910,6705,321 Surrey Central/WhiteRock,15247159,5525,43,21
2026-07-25T00:05:20.777579+00:00,1784937910,6705,321 Surrey Central/WhiteRock,15247159,10443,44,-1
2026-07-25T00:05:20.777579+00:00,1784937910,6705,321 Surrey Central/WhiteRock,15247159,5528,45,0
2026-07-25T00:05:20.777579+00:00,1784937910,6705,321 Surrey Central/WhiteRock,15247159,5529,46,-22
2026-07-25T00:05:20.777579+00:00,1784937910,6705,321 Surrey Central/WhiteRock,15247159,5530,47,-39
2026-07-25T00:05:20.777579+00:00,1784937910,6705,321 Surrey Central/WhiteRock,15247159,5533,48,-39
2026-07-25T00:05:20.777579+00:00,1784937910,6705,321 Surrey Central/WhiteRock,15247159,5534,49,-59
2026-07-25T00:05:20.777579+00:00,1784937910,6705,321 Surrey Central/WhiteRock,15247159,5535,50,-41
2026-07-25T00:05:20.777579+00:00,1784937910,6705,321 Surrey Central/WhiteRock,15247159,5536,51,-65
2026-07-25T00:05:20.777579+00:00,1784937910,6705,321 Surrey Central/WhiteRock,15247159,5537,52,-66
2026-07-25T00:05:20.777579+00:00,1784937910,6705,321 Surrey Central/WhiteRock,15247159,5538,53,-73
2026-07-25T00:05:20.777579+00:00,1784937910,6705,321 Surrey Central/WhiteRock,15247159,5541,54,-40
2026-07-25T00:05:20.777579+00:00,1784937910,6705,321 Surrey Central/WhiteRock,15247159,5542,55,-28
2026-07-25T00:05:20.777579+00:00,1784937910,6705,321 Surrey Central/WhiteRock,15247159,6195,56,-2
2026-07-25T00:05:20.777579+00:00,1784937910,6705,321 Surrey Central/WhiteRock,15247186,5538,53,-161
2026-07-25T00:05:20.777579+00:00,1784937910,6705,321 Surrey Central/WhiteRock,15247186,5541,54,-128
2026-07-25T00:05:20.777579+00:00,1784937910,6705,321 Surrey Central/WhiteRock,15247186,5542,55,-116
2026-07-25T00:05:20.777579+00:00,1784937910,6705,321 Surrey Central/WhiteRock,15247186,6195,56,-84
2026-07-25T00:05:20.777579+00:00,1784937910,18705,531 WhiteRock/WillowBrook,15259154,12173,45,56
2026-07-25T00:05:20.777579+00:00,1784937910,18705,531 WhiteRock/WillowBrook,15259154,9291,46,21
2026-07-25T00:05:20.777579+00:00,1784937910,18705,531 WhiteRock/WillowBrook,15259154,9292,47,15
2026-07-25T00:05:20.777579+00:00,1784937910,18705,531 WhiteRock/WillowBrook,15259154,11264,48,38
2026-07-25T00:05:20.777579+00:00,1784937910,18705,531 WhiteRock/WillowBrook,15259154,9303,49,50
2026-07-25T00:05:20.777579+00:00,1784937910,18705,531 WhiteRock/WillowBrook,15259154,9304,50,47
2026-07-25T00:05:20.777579+00:00,1784937910,18705,531 WhiteRock/WillowBrook,15259154,6475,51,92
2026-07-25T00:05:20.777579+00:00,1784937910,18705,531 WhiteRock/WillowBrook,15259154,6476,52,79
2026-07-25T00:05:20.777579+00:00,1784937910,18705,531 WhiteRock/WillowBrook,15259154,5335,53,84
2026-07-25T00:05:20.777579+00:00,1784937910,18705,531 WhiteRock/WillowBrook,15259154,7100,54,118
2026-07-25T00:05:20.777579+00:00,1784937910,18705,531 WhiteRock/WillowBrook,15259207,5540,52,773
2026-07-25T00:05:20.777579+00:00,1784937910,18705,531 WhiteRock/WillowBrook,15259221,5539,51,-200
2026-07-25T00:05:20.777579+00:00,1784937910,18705,531 WhiteRock/WillowBrook,15259221,5540,52,-192
2026-07-25T00:10:28.409898+00:00,1784938224,6705,321 Surrey Central/WhiteRock,15247048,9932,60,288
2026-07-25T00:10:28.409898+00:00,1784938224,6705,321 Surrey Central/WhiteRock,15247049,10442,57,129
2026-07-25T00:10:28.409898+00:00,1784938224,6705,321 Surrey Central/WhiteRock,15247049,9929,58,148
2026-07-25T00:10:28.409898+00:00,1784938224,6705,321 Surrey Central/WhiteRock,15247049,9930,59,93
2026-07-25T00:10:28.409898+00:00,1784938224,6705,321 Surrey Central/WhiteRock,15247049,9932,60,-3
2026-07-25T00:10:28.409898+00:00,1784938224,6705,321 Surrey Central/WhiteRock,15247050,5475,49,217
2026-07-25T00:10:28.409898+00:00,1784938224,6705,321 Surrey Central/WhiteRock,15247050,5476,50,189
2026-07-25T00:10:28.409898+00:00,1784938224,6705,321 Surrey Central/WhiteRock,15247050,5477,51,166
2026-07-25T00:10:28.409898+00:00,1784938224,6705,321 Surrey Central/WhiteRock,15247050,11725,52,142
2026-07-25T00:10:28.409898+00:00,1784938224,6705,321 Surrey Central/WhiteRock,15247050,5040,53,159
2026-07-25T00:10:28.409898+00:00,1784938224,6705,321 Surrey Central/WhiteRock,15247050,5041,54,164
2026-07-25T00:10:28.409898+00:00,1784938224,6705,321 Surrey Central/WhiteRock,15247050,12155,55,176
2026-07-25T00:10:28.409898+00:00,1784938224,6705,321 Surrey Central/WhiteRock,15247050,11882,56,213
2026-07-25T00:10:28.409898+00:00,1784938224,6705,321 Surrey Central/WhiteRock,15247050,10442,57,295
2026-07-25T00:10:28.409898+00:00,1784938224,6705,321 Surrey Central/WhiteRock,15247050,9929,58,314
2026-07-25T00:10:28.409898+00:00,1784938224,6705,321 Surrey Central/WhiteRock,15247050,9930,59,259
2026-07-25T00:10:28.409898+00:00,1784938224,6705,321 Surrey Central/WhiteRock,15247050,9932,60,163
2026-07-25T00:10:28.409898+00:00,1784938224,6705,321 Surrey Central/WhiteRock,15247159,10443,44,45
2026-07-25T00:10:28.409898+00:00,1784938224,6705,321 Surrey Central/WhiteRock,15247159,5528,45,46
2026-07-25T00:10:28.409898+00:00,1784938224,6705,321 Surrey Central/WhiteRock,15247159,5529,46,23
2026-07-25T00:10:28.409898+00:00,1784938224,6705,321 Surrey Central/WhiteRock,15247159,5530,47,6
2026-07-25T00:10:28.409898+00:00,1784938224,6705,321 Surrey Central/WhiteRock,15247159,5533,48,6
2026-07-25T00:10:28.409898+00:00,1784938224,6705,321 Surrey Central/WhiteRock,15247159,5534,49,-14
2026-07-25T00:10:28.409898+00:00,1784938224,6705,321 Surrey Central/WhiteRock,15247159,5535,50,6
2026-07-25T00:10:28.409898+00:00,1784938224,6705,321 Surrey Central/WhiteRock,15247159,5536,51,-18
2026-07-25T00:10:28.409898+00:00,1784938224,6705,321 Surrey Central/WhiteRock,15247159,5537,52,-17
2026-07-25T00:10:28.409898+00:00,1784938224,6705,321 Surrey Central/WhiteRock,15247159,5538,53,-24
2026-07-25T00:10:28.409898+00:00,1784938224,6705,321 Surrey Central/WhiteRock,15247159,5541,54,9
2026-07-25T00:10:28.409898+00:00,1784938224,6705,321 Surrey Central/WhiteRock,15247159,5542,55,21
2026-07-25T00:10:28.409898+00:00,1784938224,6705,321 Surrey Central/WhiteRock,15247159,6195,56,47
2026-07-25T00:10:28.409898+00:00,1784938224,18705,531 WhiteRock/WillowBrook,15259154,9291,46,15
2026-07-25T00:10:28.409898+00:00,1784938224,18705,531 WhiteRock/WillowBrook,15259154,9292,47,9
2026-07-25T00:10:28.409898+00:00,1784938224,18705,531 WhiteRock/WillowBrook,15259154,11264,48,32
2026-07-25T00:10:28.409898+00:00,1784938224,18705,531 WhiteRock/WillowBrook,15259154,9303,49,44
2026-07-25T00:10:28.409898+00:00,1784938224,18705,531 WhiteRock/WillowBrook,15259154,9304,50,41
2026-07-25T00:10:28.409898+00:00,1784938224,18705,531 WhiteRock/WillowBrook,15259154,6475,51,86
2026-07-25T00:10:28.409898+00:00,1784938224,18705,531 WhiteRock/WillowBrook,15259154,6476,52,73
2026-07-25T00:10:28.409898+00:00,1784938224,18705,531 WhiteRock/WillowBrook,15259154,5335,53,78
2026-07-25T00:10:28.409898+00:00,1784938224,18705,531 WhiteRock/WillowBrook,15259154,7100,54,112
